,url,text,ocen
0,https://yandex.lv/maps/org/jinju_bubble_tea/155531159172/reviews,"–ü–æ—Å–µ—Ç–∏–ª–∞ –¥–∞–Ω–Ω–æ–µ –∑–∞–≤–µ–¥–µ–Ω–∏–µ –≤ –ø–µ—Ä–≤—ã–π —Ä–∞–∑ –∏ –±—ã–ª–∞ –ø—Ä–∏—è—Ç–Ω–æ —É–¥–∏–≤–ª–µ–Ω–∞ –∫–∞—á–µ—Å—Ç–≤–æ–º –Ω–∞–ø–∏—Ç–∫–∞ –∏ –æ–±—Å–ª—É–∂–∏–≤–∞–Ω–∏–µ–º: —Ä–∞–∑–Ω–æ–æ–±—Ä–∞–∑–Ω–æ–µ –º–µ–Ω—é, –∫–∞—Å—Å–∏—Ä –ø–æ–º–æ–≥–ª–∞ —Å–æ—Ä–∏–µ–Ω—Ç–∏—Ä–æ–≤–∞—Ç—å—Å—è, —Å–¥–µ–ª–∞–ª–∏ –±—ã—Å—Ç—Ä–æ –∏ –≤–∫—É—Å–Ω–æ. –û–±—è–∑–∞—Ç–µ–ª—å–Ω–æ –≤–µ—Ä–Ω—É—Å—å —Å—é–¥–∞ –µ—â–µ —Ä–∞–∑, –ø–æ–ø—Ä–æ–±—É—é –¥—Ä—É–≥–∏–µ –Ω–∞–ø–∏—Ç–∫–∏",5.0
1,https://yandex.lv/maps/org/jinju_bubble_tea/155531159172/reviews,"–ú–∏–ª–æ–µ –∑–∞–≤–µ–¥–µ–Ω–∏–µ, –º–µ—Å—Ç–æ–ø–æ–ª–æ–∂–µ–Ω–∏–µ —Å—É–ø–µ—Ä
–•–æ—Ä–æ—à–∏–π –ø–µ—Ä—Å–æ–Ω–∞–ª, –Ω–∞–ø–∏—Ç–æ–∫ –≥–æ—Ç–æ–≤–∏—Ç—Å—è –±—ã—Å—Ç—Ä–æ (–æ–∫–æ–ª–æ 7 –º–∏–Ω—É—Ç)
4 –∑–∞ –º–µ–Ω—é, –Ω–µ—Å–º–æ—Ç—Ä—è –Ω–∞ —Ö–æ—Ä–æ—à–∏–π –º–∏–Ω–∏-–±–∞—Ä —Å–æ —Å–Ω–µ–∫–∞–º–∏, —Å–∞–º–∏ –Ω–∞–ø–∏—Ç–∫–∏ –º–æ–≥–ª–∏ –±—ã –±—ã—Ç—å –ø–æ—Ä–∞–∑–Ω–æ–æ–±—Ä–∞–∑–Ω–µ–µ 
–¶–µ–Ω—ã —Å—Ä–µ–¥–Ω–∏–µ 
–ê —Ç–∞–∫ –º–µ—Å—Ç–æ —Ö–æ—Ä–æ—à–µ–µ, —Ä–µ–∫–æ–º–µ–Ω–¥—É—é",4.0
2,https://yandex.lv/maps/org/jinju_bubble_tea/155531159172/reviews,"–•–æ—Ä–æ—à–µ–µ –∏ –ø—Ä–∏—è—Ç–Ω–æ–µ –º–µ—Å—Ç–æ —Å –±–æ–ª—å—à–∏–º –≤—ã–±–æ—Ä–æ–º —á–∞—è, –∫–æ—Ñ–µ –∏ –±–æ–±—ã. –í –æ—Ç–ª–∏—á–∏–∏ –æ—Ç –æ—Å—Ç–∞–ª—å–Ω—ã—Ö –∑–∞–≤–µ–¥–µ–Ω–∏–π –≤ –∫–æ—Ç–æ—Ä—ã—Ö —è –±—ã–≤–∞–ª, –∑–¥–µ—Å—å –≤—Å–µ–≥–¥–∞ –º—è–≥–∫–∞—è —Ç–∞–ø–∏–æ–∫–∞ –∏ –∏–º–µ–Ω–Ω–æ —Ç–∞–∫—É—é —è –æ–±–æ–∂–∞—é) —Ö–æ—Ç—è –≤ –æ—Ç–ª–∏—á–∏–∏ –æ—Ç –∏—Ö –∂–µ –∑–∞–≤–µ–¥–µ–Ω–∏—è –Ω–∞ –ø—Ä–æ—Å–ø–µ–∫—Ç–µ –º–∏—Ä–∞, –∑–¥–µ—Å—å –∏–Ω–æ–≥–¥–∞ –ø–µ—Ä–µ–≤–∞—Ä–∏–≤–∞—é—Ç –∏ –æ–Ω–∞ —É–∂–µ —Å–æ–≤—Å–µ–º –ø–æ—á—Ç–∏ –Ω–µ –¥–µ—Ä–∂–∞—Ç —Ñ–æ—Ä–º—É. –ù–µ –∫–∞–∂–¥–æ–º—É —Ç–∞–∫–æ–µ –∑–∞–π–¥–µ—Ç.

–ö—Ä–æ–º–µ —Ç–æ–≥–æ, —Å–ø–∞—Å–∏–±–æ –ø–æ–Ω–∏–º–∞—é—â–∏–º —Ä–∞–±–æ—Ç–Ω–∏–∫–∞–º. –ú–æ—é –ø–æ–¥—Ä—É–≥—É –≤–Ω–µ–∑–∞–ø–Ω–æ —Ö–≤–∞—Ç–∏–ª–∞ –ø–∞–Ω–∏—á–µ—Å–∫–∞—è –∞—Ç–∞–∫–∞ –∏ —Ç–æ—Ç –ø–æ–±–µ—Å–ø–æ–∫–æ–∏–ª—Å—è, –ø—Ä–µ–¥–ª–æ–∂–∏–≤ –ø—Ä–∏–Ω–µ—Å—Ç–∏ –≤–æ–¥—ã. –ó–∞ —ç—Ç–æ –æ–ø—Ä–µ–¥–µ–ª–µ–Ω–Ω–æ —Å–ø–∞—Å–∏–±–æ.",5.0
3,https://yandex.lv/maps/org/jinju_bubble_tea/155531159172/reviews,–ö—Ä–∞—Å–∏–≤–æ. –£—é—Ç–Ω–æ. –ö—Ä–∞—Å–∏–≤—ã–µ –æ—Ñ–∏—Ü–∏–∞–Ω—Ç—ã. –ù–µ–Ω–∞–≤—è–∑—á–∏–≤–æ –Ω–æ –æ—á–µ–Ω—å –ø—Ä–∏—è—Ç–Ω–æ –æ–±—Å–ª—É–∂–∏–≤–∞—é—Ç. –û—Å–æ–±–µ–Ω–Ω–æ —Å –±–æ—Ä–æ–¥–æ–π –∏ –≥–æ–ª—É–±—ã–º–∏ –≥–ª–∞–∑–∞–º–∏. –í—Å–µ —Å—É–ø–µ—Ä. –ò –≤–∏–¥—ã —Å —Ç–µ—Ä—Ä–∞—Å—ã —Ç–æ–∂–µ!,5.0
4,https://yandex.lv/maps/org/jinju_bubble_tea/155531159172/reviews,"–ö–ª–∞—Å—Å–Ω–æ–µ –º–µ—Å—Ç–æ! –†–µ–±—è—Ç–∞ —Å–∞–º–∏ –¥–µ–ª–∞—é—Ç —Ç–∞–ø–∏–æ–∫—É, –ø—Ä–∏—á—ë–º –æ—á–µ–Ω—å –≤–∫—É—Å–Ω—É—é. –ë—Ä–∞–ª–∞ —Ç–∞—Ä–æ —Å –∫–∞—Ä–∞–º–µ–ª—å–Ω–æ–π —Ç–∞–ø–∏–æ–∫–æ–π, –ø—Ä—è–º –Ω–µ –ø—Ä–∏–¥—Ä–∞—Ç—å—Å—è. –í–Ω—É—Ç—Ä–∏ –º–µ—Å—Ç–∞ –Ω–µ —Ç–∞–∫ –º–Ω–æ–≥–æ, –Ω–æ –æ—á–µ–Ω—å —É—é—Ç–Ω–æ)",5.0
5,https://yandex.lv/maps/org/jinju_bubble_tea/155531159172/reviews,"–ü—Ä–∏—è—Ç–Ω—ã–π –ø–µ—Ä—Å–æ–Ω–∞–ª, –∫–æ—Ç–æ—Ä—ã–π –ø–æ–º–æ–≥ –æ–ø—Ä–µ–¥–µ–ª–∏—Ç—å—Å—è —Å –≤—ã–±–æ—Ä–æ–º –Ω–∞–ø–∏—Ç–∫–æ–≤, –ø—Ä–∏—è—Ç–Ω–æ–µ –∫—Ä–∞—Å–∏–≤–æ–µ –æ—Ñ–æ—Ä–º–ª–µ–Ω–∏–µ –∏ –æ—Å–≤–µ—â–µ–Ω–∏–µ. –û—á–µ–Ω—å –ø–æ–Ω—Ä–∞–≤–∏–ª–∞—Å—å –º—É–∑—ã–∫–∞\—Ä–∞–¥–∏–æ. –ù–∞–ø–∏—Ç–∫–∏ —Ç–æ–∂–µ –æ—á–µ–Ω—å –≤–∫—É—Å–Ω—ã–µ",5.0
6,https://yandex.lv/maps/org/jinju_bubble_tea/155531159172/reviews,"–ö—Ä–∞—Å–∏–≤—ã–π –¥–∏–∑–∞–π–Ω –∏ –Ω–µ–ø–ª–æ—Ö–∏–µ –Ω–∞–ø–∏—Ç–∫–∏, –Ω–æ –≥—Ä—è–∑–Ω—ã–π –∑–∞–ª –∏ –Ω–µ–ø—Ä–∏—è—Ç–Ω—ã–π –ø–µ—Ä—Å–æ–Ω–∞–ª.
–ó–∞—à–ª–∏ —Å –ø–æ–¥—Ä—É–≥–æ–π –≤—ã–ø–∏—Ç—å —á–µ–≥–æ-—Ç–æ –≥–æ—Ä—è—á–µ–≥–æ –∏ —Å–∫—É—à–∞—Ç—å –ø–æ –¥–µ—Å–µ—Ä—Ç—É. –í –∏—Ç–æ–≥–µ, –∂–¥–∞–ª–∏ –ø–æ—á—Ç–∏ –ø–æ–ª —á–∞—Å–∞, –ø—Ä–∏ —Ç–æ–º, —á—Ç–æ –ª—é–¥–µ–π –ø–æ—á—Ç–∏ –Ω–µ –±—ã–ª–æ. –°–≤–µ—Ç–ª—ã–π –∏–Ω—Ç–µ—Ä—å–µ—Ä –∫–æ—Ñ–µ–π–Ω–∏ –æ—á–µ–Ω—å –ø–æ—Ä—Ç—è—Ç –º–Ω–æ–∂–µ—Å—Ç–≤–µ–Ω–Ω—ã–µ —Å–ª–µ–¥—ã –∏ –ø—ã–ª—å. –¢–∞–∫–∂–µ —Ö–æ—á—É –æ—Ç–º–µ—Ç–∏—Ç—å –≥—Ä–æ–º–∫—É—é –º—É–∑—ã–∫—É. –Ø –ø–æ–Ω–∏–º–∞—é, —á—Ç–æ –≤ –ø–æ–¥–æ–±–Ω—ã—ä –º–µ—Å—Ç–∞—Ö –≤—Å–µ–≥–¥–∞ –∏–≥—Ä–∞–µ—Ç –∫–∞–∫–∞—è-—Ç–æ –º—É–∑—ã–∫–∞ –Ω–∞ —Ñ–æ–Ω–µ, –Ω–æ –Ω–µ —Ç–∞–∫ –∂–µ –≥—Ä–æ–º–∫–æ, –∫–∞–∫ –≤ –∫–ª—É–±–µ",2.0
7,https://yandex.lv/maps/org/jinju_bubble_tea/155531159172/reviews,"–æ—á–µ–Ω—å –∞—Ç–º–æ—Å—Ñ–µ—Ä–Ω–æ–µ –º–µ—Å—Ç–æ, –∫—Ä–∞—Å–∏–≤–æ –æ—Ñ–æ—Ä–º–ª–µ–Ω–æ, –æ—á–µ–Ω—å –≤–∫—É—Å–Ω–æ, —Ä–µ–∫–æ–º–µ–Ω–¥—É—é, –º–Ω–µ –ø–æ–Ω—Ä–∞–≤–∏–ª–æ—Å—å, –µ—Å—Ç—å –≤—ã–±–æ—Ä –≤—Å—è–∫–∏—Ö –≤–∫—É—Å–Ω—è—à–µ–∫ –±–∞–±–ª —Ç–∏ –æ—á–µ–Ω—å –≤–∫—É—Å–Ω—ã–π, —Å–ø–∞—Å–∏–±–æ",5.0
8,https://yandex.lv/maps/org/jinju_bubble_tea/155531159172/reviews,"–ö–∞—Ñ–µ Jiniu –ø—Ä–æ—Å—Ç–æ —É–¥–∏–≤–∏—Ç–µ–ª—å–Ω–æ–µ –º–µ—Å—Ç–æ!
–ù–µ–≤–µ—Ä–æ—è—Ç–Ω–æ —É—é—Ç–Ω–∞—è –∞—Ç–º–æ—Å—Ñ–µ—Ä–∞, –ø—Ä–µ–∫—Ä–∞—Å–Ω—ã–π –∏–Ω—Ç–µ—Ä—å–µ—Ä –∏, –∫–æ–Ω–µ—á–Ω–æ –∂–µ, –≤–æ—Å—Ö–∏—Ç–∏—Ç–µ–ª—å–Ω—ã–π –±–∞–±–ª —Ç–∏. –Ø –±—ã–ª–∞ –ø–æ—Ä–∞–∂–µ–Ω–∞ –≤–∫—É—Å–∞–º–∏ –Ω–∞–ø–∏—Ç–∫–æ–≤ üíî. –û—á–µ–Ω—å —Å–æ–≤–µ—Ç—É—é –ø–æ–ø—Ä–æ–±–æ–≤–∞—Ç—å —Ç–∞—Ä–æ –±–∞–±–ª —Ç–∏ –∏ –º–∞—Ç—á—É .–û–±—Å–ª—É–∂–∏–≤–∞–Ω–∏–µ —Ç–∞–∫–∂–µ –Ω–∞ –≤—ã—Å—à–µ–º —É—Ä–æ–≤–Ω–µ, –ø–µ—Ä—Å–æ–Ω–∞–ª –±—ã–ª –æ—á–µ–Ω—å –¥—Ä—É–∂–µ–ª—é–± –∏ –ø—Ä–∏–≤–µ—Ç–ª–∏–≤. –Ø –æ–±—è–∑–∞—Ç–µ–ª—å–Ω–æ –≤–µ—Ä–Ω—É—Å—å —Å—é–¥–∞ —Å–Ω–æ–≤–∞, —á—Ç–æ–±—ã –Ω–∞—Å–ª–∞–¥–∏—Ç—å—Å—è —ç—Ç–∏–º –∑–∞–º–µ—á–∞—Ç–µ–ª—å–Ω—ã–º –Ω–∞–ø–∏—Ç–∫–æ–º –∏ –∞—Ç–º–æ—Å—Ñ–µ—Ä–æ–π –∫–∞—Ñ–µ jinju ü§ç",5.0
9,https://yandex.lv/maps/org/jinju_bubble_tea/155531159172/reviews,"–û—á–µ–Ω—å –ø—Ä–∏—è—Ç–Ω–æ–µ –º–µ—Å—Ç–æ! –†–µ—à–∏–ª–∞ –∑–∞–≥–ª—è–Ω—É—Ç—å, –ø—Ä–æ—Ö–æ–¥—è –º–∏–º–æ –∏ –æ—Å—Ç–∞–ª–∞—Å—å –≤ –≤–æ—Å—Ç–æ—Ä–≥–µ. –í—ã–±–æ—Ä –Ω–∞ –ª—é–±–æ–µ –Ω–∞—Å—Ç—Ä–æ–µ–Ω–∏–µ, –ø–æ–º–æ–≥–ª–∏ –æ–ø—Ä–µ–¥–µ–ª–∏—Ç—å—Å—è —Å –Ω–∞–ø–∏—Ç–∫–æ–º –∏ —Å–¥–µ–ª–∞–ª–∏ –±–µ–∑—É–ø—Ä–µ—á–Ω–æ –≤–∫—É—Å–Ω–æ! –ü—Ä–µ–∫—Ä–∞—Å–Ω–æ –≤—Å–µ : –æ—Ç –¥—Ä—É–∂–µ–ª—é–±–Ω–æ–π –∞—Ç–º–æ—Å—Ñ–µ—Ä—ã –∏ —Å–æ—Ç—Ä—É–¥–Ω–∏–∫–æ–≤ –¥–æ –∫–∞—á–µ—Å—Ç–≤–∞ –Ω–∞–ø–∏—Ç–∫–æ–≤. –°–ø–∞—Å–∏–±–æ –∑–∞ –Ω–∞—Å—Ç—Ä–æ–µ–Ω–∏–µ! 
–û–±—è–∑–∞—Ç–µ–ª—å–Ω–æ –≤–µ—Ä–Ω—É—Å—å ‚ù§Ô∏è‚Äçüî•",5.0
10,https://yandex.lv/maps/org/jinju_bubble_tea/155531159172/reviews,"–û–¥–Ω–∞ –∏–∑ –ª—É—á—à–∏—Ö —Ç–∞–ø–∏–æ–∫ –∫–æ—Ç–æ—Ä—ã–µ –µ—Å—Ç—å –≤ –º—Å–∫. –ù–æ —Å–∏–ª—å–Ω–æ –∏—Å–ø–æ—Ä—Ç–∏–ª–æ –≤–ø–µ—á–∞—Ç–ª–µ–Ω–∏–µ –Ω–∞–ø–∏—Ç–æ–∫ ""—è–∏—á–Ω—ã–π –ø—É–¥–∏–Ω–≥ —Å —Ç–∞–ø–∏–æ–∫–æ–π) –≤–∑—è–ª–∞ –±–æ–ª—å—à–æ–π –∑–∞ 600. –ê –≤ –∫–æ–Ω–µ—á–Ω–æ–º –∏—Ç–æ–≥–µ —ç—Ç–æ –ø—Ä–æ—Å—Ç–æ —Ç–∞–ø–∏–æ–∫–∞ —Å —Ö–æ–ª–æ–¥–Ω—ã–º –º–æ–ª–æ–∫–æ–º( –ª–∏–±–æ –º–∞–ª–æ –ø—É–¥–∏–Ω–≥–∞ –ø–æ–¥–æ–ª–∂–∏–ª–∏, –ª–∏–±–æ —Ä–∞—Å—Ç–≤–æ—Ä–∏–ª—Å—è –ø—É–¥–∏–Ω–≥, –Ω–æ –º—ã –ø–∏–ª–∏ –ø–æ–∫–∞ —à–ª–∏(( –∏ –≤ –∫–æ–Ω–µ—á–Ω–æ–º –∏—Ç–æ–≥–µ –Ω–∞—Å—Ç—Ä–æ–µ–Ω–∏–µ –±—ã–ª–æ —Å–∏–ª—å–Ω–æ –∏—Å–ø–æ—Ä—á–µ–Ω–æ. –ü–æ–ø–∞–¥–∞–µ—Ç—Å—è —Å–æ–≤—Å–µ–º —á—É—Ç—å —á—É—Ç—å. –ú–æ–∏ –¥—Ä—É–∑—å—è, –∫—Ç–æ –ø–æ–ø—Ä–æ–±–≤–∞–ª —Ç–æ–∂–µ –±—ã–ª–∏ —É–¥–∏–≤–ª–µ–Ω—ã(

–ù–∞–¥–µ—é—Å—å –≤—ã –ø–æ–ø—Ä–∞–≤–∏—Ç–µ –¥–∞–Ω–Ω—É—é –ø–æ–∑–∏—Ü–∏—é(",3.0
11,https://yandex.lv/maps/org/jinju_bubble_tea/155531159172/reviews,"–ú–µ—Å—Ç–æ –±–µ–∑—É–º–Ω–æ –∫–ª–∞—Å—Å–Ω–æ–µ. –£–∑–Ω–∞–ª–∞ –æ –Ω—ë–º 1-2 –≥–æ–¥–∞ –Ω–∞–∑–∞–¥ –±–ª–∞–≥–æ–¥–∞—Ä—è –ø–æ–¥—Ä—É–≥–∏. –ê—Ç–º–æ—Å—Ñ–µ—Ä–∞ —Å–∞–º–∞ –ø–æ —Å–µ–±–µ –∫–ª–∞—Å—Å–Ω–∞—è –∏ –∑–∞–º–µ—á–∞—Ç–µ–ª—å–Ω–∞—è,–æ—Å–æ–±–µ–Ω–Ω–æ –Ω—Ä–∞–≤–∏—Ç—Å—è —Ñ–æ–Ω—Ç–∞–Ω—á–∏–∫. –ù–∞–ø–∏—Ç–∫–∏ - —Å—É–ø–µ—Ä,–Ω–∞ –ª—é–±–æ–π –≤–∫—É—Å –∏ —Ü–≤–µ—Ç –∫–∞–∫ –≥–æ–≤–æ—Ä–∏—Ç—å—Å—è. –°–∞–º–æ–µ –∫–ª–∞—Å—Å–Ω–æ–µ —ç—Ç–æ —Ç–æ,—á—Ç–æ –µ—Å—Ç—å –¥–æ—Å—Ç–∞—Ç–æ—á–Ω–æ –±–æ–ª—å—à–æ–π –≤—ã–±–æ—Ä –∞–∑–∏–∞—Ç—Å–∫–æ–π –µ–¥—ã. –í –æ–±—â–µ–º - –º–µ—Å—Ç–æ –æ—Ç–ª–∏—á–Ω–æ–µ –∏ —Ä–µ–∫–æ–º–µ–Ω–¥—É—é —Å—Ö–æ–¥–∏—Ç—å —Ç–µ–º,–∫—Ç–æ —Ö–æ—á–µ—Ç –ø–æ–ø—Ä–æ–±–æ–≤–∞—Ç—å —á—Ç–æ-—Ç–æ –Ω–æ–≤–æ–µ.",5.0
12,https://yandex.lv/maps/org/jinju_bubble_tea/155531159172/reviews,"–ü–æ –≤–∫—É—Å—É –≤—Å–µ –Ω–µ–ø–ª–æ—Ö–æ, –Ω–æ –ø–µ—Ä—Å–æ–Ω–∞–ª –ø–æ—Ä—Ç–∏—Ç –≤—Å–µ –≤–ø–µ—á–∞—Ç–ª–µ–Ω–∏–µ –∏ –æ—Ç–±–∏–≤–∞–µ—Ç –≤—Å—è–∫–æ–µ –∂–µ–ª–∞–Ω–∏–µ –≤–æ–∑–≤—Ä–∞—â–∞—Ç—å—Å—è –∏ –ø–æ–ø—Ä–æ–±–æ–≤–∞—Ç—å –¥—Ä—É–≥–∏–µ –Ω–∞–ø–∏—Ç–∫–∏, –∫–æ—Ç–æ—Ä—ã—Ö, –∫—Å—Ç–∞—Ç–∏, –¥–æ—Å—Ç–∞—Ç–æ—á–Ω–æ –º–Ω–æ–≥–æ –≤ –º–µ–Ω—é. 
–î–µ–≤—É—à–∫–∞ –∑–∞ –∫–∞—Å—Å–æ–π –Ω–µ –º–æ–≥–ª–∞ –æ—Ç–≤–µ—Ç–∏—Ç—å –Ω–∏ –Ω–∞ –æ–¥–∏–Ω –≤–æ–ø—Ä–æ—Å, –≥–æ–≤–æ—Ä–∏–ª–∞ –æ—á–µ–Ω—å —Ç–∏—Ö–æ, —Å–µ–±–µ –ø–æ–¥ –Ω–æ—Å, –ø–µ—Ä–µ–ø—É—Ç–∞–ª–∞ —Ä–∞–∑–º–µ—Ä –º–æ–µ–≥–æ –∑–∞–∫–∞–∑–∞ (—è –∑–∞–ø–ª–∞—Ç–∏–ª–∞ –∑–∞ L, –º–Ω–µ —Å–¥–µ–ª–∞–ª–∏ –ú), –ø–µ—Ä–µ–¥–æ –º–Ω–æ–π –±—ã–ª–æ –ø–µ—Ä–µ–ø—É—Ç–∞–Ω–æ –µ—â–µ 2 –∑–∞–∫–∞–∑–∞. –Ø –Ω–µ —Å—Ç–∞–ª–∞ –∂–¥–∞—Ç—å –ø–µ—Ä–µ–¥–µ–ª–∫–∏ –∏ —É—à–ª–∞, —Ç–∞–∫ –∫–∞–∫ –∏—Ç–∞–∫ –ø—Ä–æ–≤–µ–ª–∞ –≤ —ç—Ç–æ–º –∑–∞–≤–µ–¥–µ–Ω–∏–∏ 20 –º–∏–Ω, —Ö–æ—Ç—è –ø–µ—Ä–µ–¥–æ –º–Ω–æ–π –±—ã–ª–æ –≤—Å–µ–≥–æ 2 —á–µ–ª–æ–≤–µ–∫–∞.

–í—Å–µ-—Ç–∞–∫–∏ –∫–∞–∫ –º–Ω–æ–≥–æ –∑–∞–≤–∏—Å–∏—Ç –æ—Ç –ø–µ—Ä—Å–æ–Ω–∞–ª–∞.",2.0
13,https://yandex.lv/maps/org/jinju_bubble_tea/155531159172/reviews,"–ù–µ–∂–Ω–∞—è –∏ –º—è–≥–∫–∞—è —Ç—è–≥—É—á–∞—è —Ç–∞–ø–∏–æ–∫–∞, –ø—Ä–∏—è—Ç–Ω–æ–µ –∫–∞—á–µ—Å—Ç–≤–æ —Å–∞–º–æ–≥–æ –Ω–∞–ø–∏—Ç–∫–∞. –°–¥–µ–ª–∞–ª–∏ –±—ã—Å—Ç—Ä–æ. –ù—Ä–∞–≤–∏—Ç—Å—è —Ñ–∏—Ä–º–µ–Ω–Ω—ã–π —Å—Ç–∞–∫–∞–Ω, —É–¥–æ–±–Ω—ã–π. –ë–ª–∞–≥–æ–¥–∞—Ä–Ω–æ—Å—Ç—å —Å–æ—Ç—Ä—É–¥–Ω–∏–∫–∞–º!",5.0
14,https://yandex.lv/maps/org/jinju_bubble_tea/155531159172/reviews,"–ù–∞–ø–∏—Ç–æ–∫ –æ—á–µ–Ω—å –≤–∫—É—Å–Ω—ã–π, –∑–∞–∫–∞–∑–∞–ª–∞ —Ö–æ–ª–æ–¥–Ω—ã–π —á–∞–π —Å —è–∏—á–Ω–æ–π –ø–µ–Ω–æ–π –∏ –∫–æ–∫–æ—Å–æ–≤–æ–π —Å—Ç—Ä—É–∂–∫–æ–π ‚Äî –±–æ–¥—Ä—è—â–∏–π, –Ω–µ –æ—á–µ–Ω—å —Å–ª–∞–¥–∫–∏–π, –ø—Ä–∏—è—Ç–Ω—ã–π, –≤—Å–µ–º —Å–æ–≤–µ—Ç—É—é! –ù–æ, –≤–æ—Ç, –ø–µ—Ä—Å–æ–Ω–∞–ª ‚Äî —ç—Ç–æ, –∫–æ–Ω–µ—á–Ω–æ, –æ—Ç–¥–µ–ª—å–Ω–∞—è –∏—Å—Ç–æ—Ä–∏—è)) –æ—á–µ–Ω—å –≤—è–ª—ã–µ, –Ω–µ–æ—Ö–æ—Ç–Ω–æ –∏–¥—É—Ç –Ω–∞ –∫–æ–º–º—É–Ω–∏–∫–∞—Ü–∏—é, —Ö–æ—Ç—è –∏—Ö —Ç–∞–º, –≤—Ä–æ–¥–µ, –∞–∂ 4 —á–µ–ª–æ–≤–µ–∫–∞! –î–∞–≤–Ω–æ —Ç–∞–∫–æ–≥–æ –≤ –∫–æ—Ñ–µ–π–Ω—è—Ö –Ω–µ –≤–∏–¥–µ–ª–∞ ‚Äî –¥–∞–∂–µ –Ω–µ–º–Ω–æ–≥–æ —É–¥–∏–≤–∏–ª–∞—Å—å",4.0
15,https://yandex.lv/maps/org/jinju_bubble_tea/155531159172/reviews,"–ò–∑ –ø–ª—é—Å–æ–≤, —ç—Ç–æ –æ–±—â–∏–π –∞–Ω—Ç—É—Ä–∞–∂ –∫–∞—Ñ–µ. –ù–∞ —ç—Ç–æ–º –≤—Å—ë

–ú–∏–Ω—É—Å—ã: –≥—Ä–æ–º–∫–∞—è –º—É–∑—ã–∫–∞, –ø–µ—Ä—Å–æ–Ω–∞–ª

–û—á–µ–Ω—å —á–∞—Å—Ç–æ –Ω–µ —Ä–∞–±–æ—Ç–∞—é—Ç —Ç–µ—Ä–º–∏–Ω–∞–ª —Å –æ–ø–ª–∞—Ç–æ–π. –ó–∞—Ö–æ–∂—É —Ç—Ä–µ—Ç–∏–π —Ä–∞–∑ (–≤ —Ç–µ—á–µ–Ω–∏–∏ –º–µ—Å—è—Ü–∞) –∏ –≤—Å–µ —ç—Ç–∏ —Ä–∞–∑—ã –ø—Ä–æ—Å—è—Ç –æ–ø–ª–∞—Ç–∏—Ç—å –ø–µ—Ä–µ–≤–æ–¥–æ–º –Ω–∞ –∫–∞—Ä—Ç—É. –ò –∫–∞–∂–¥—ã–π —Ä–∞–∑ –æ–± —ç—Ç–æ–º –≥–æ–≤–æ—Ä—è—Ç —Ç–æ–ª—å–∫–æ –ø–æ—Å–ª–µ –æ—Ñ–æ—Ä–º–ª–µ–Ω–∏—è –∑–∞–∫–∞–∑–∞, –∞ –Ω–µ –î–û!

–ú—ã –ø—Ä–∏—à–ª–∏ —Å –ø–æ–¥—Ä—É–≥–æ–π –ø–æ—Å–∏–¥–µ—Ç—å, –≤ –∫–∞—Ñ–µ –±—ã–ª–∏ –æ–¥–Ω–∏. –ù–∞ –Ω–∞—à—É –ø—Ä–æ—Å—å–±—É —Å–¥–µ–ª–∞—Ç—å –º—É–∑—ã–∫—É –ø–æ—Ç–∏—à–µ, —á—Ç–æ–±—ã –º—ã –º–æ–≥–ª–∏ –ø–æ–≥–æ–≤–æ—Ä–∏—Ç—å, —Å—Ç–∞—Ä—à–∏–π –ø–æ —ç—Ç–æ–π —Ç–æ—á–∫–µ —Å–¥–µ–ª–∞–ª –∑–∞–º–µ—á–∞–Ω–∏–µ –ù–ê–ú (–ø–æ—Å–µ—Ç–∏—Ç–µ–ª—è–º), —á—Ç–æ —ç—Ç–æ –∫–∞—Ñ–µ –∏ —Ç—É—Ç –ø—Ä–æ—Å—Ç–æ –æ–±—è–∑–∞–Ω–∞ –∏–≥—Ä–∞—Ç—å –º—É–∑—ã–∫–∞ –∫–∞–∫ –≤ –∫–ª—É–±–µ –Ω–∞ –¥–∏—Å–∫–æ—Ç–µ–∫–µ –∏ –¥–µ–º–æ–Ω—Å—Ç—Ä–∞—Ç–∏–≤–Ω–æ —Å–¥–µ–ª–∞–ª –µ–µ –µ—â—ë –≥—Ä–æ–º—á–µ. –í –∏—Ç–æ–≥–µ –Ω–æ—Ä–º–∞–ª—å–Ω–æ –ø–æ—Å–∏–¥–µ—Ç—å –Ω–µ –ø–æ–ª—É—á–∏–ª–æ—Å—å, –ø—Ä–æ—Å—Ç–æ –¥—É–º–∞–µ—à—å –∫–∞–∫ —Ç–∞–º –Ω–µ –æ–≥–ª–æ—Ö–Ω—É—Ç—å –∫–æ–≥–¥–∞ –≥–æ—Ç–æ–≤—è—Ç –Ω–∞–ø–∏—Ç–∫–∏. 

–í –æ–±—â–µ–º, —Å–µ–≥–æ–¥–Ω—è —Ä—É—Ö–Ω—É–ª–∞ –ø–æ—Å–ª–µ–¥–Ω—è—è –Ω–∞–¥–µ–∂–¥–∞ –æ–∂–∏–¥–∞—Ç—å –æ—Ç —ç—Ç–æ–≥–æ –º–µ—Å—Ç–∞ —á–µ–≥–æ-—Ç–æ —Ö–æ—Ä–æ—à–µ–≥–æ. –¢–∞–∫–∂–µ –æ—Ç–º–µ—á—É, —á—Ç–æ –≤ –∫–∞—Ñ–µ –æ—á–µ–Ω—å –ø—ã–ª—å–Ω–æ –∏ –≥—Ä—è–∑–Ω–æ. –ü–æ–ª–∫–∏ –ø–æ—Ö–æ–∂–µ –≤–æ–æ–±—â–µ –Ω–µ –ø—Ä–æ—Ç–∏—Ä–∞—é—Ç –∏ –Ω–∞ –≤—Å–µ—Ö –¥–µ–∫–æ—Ä–∞—Ü–∏—è—Ö —Å–∫–æ–ø–∏–ª—Å—è —Å–ª–æ–π –ø—ã–ª–∏, —Å–æ–æ—Ç–≤–µ—Ç—Å–≤–µ–Ω–Ω–æ –¥—ã—à–∞—Ç—å —ç—Ç–∏–º —Ç–æ–∂–µ –Ω–µ–ø—Ä–∏—è—Ç–Ω–æ",1.0
16,https://yandex.lv/maps/org/jinju_bubble_tea/155531159172/reviews,"–û—Ç–ª–∏—á–Ω–æ–µ –º–µ—Å—Ç–æ,–≤—Å–µ–º —Ä–µ–∫–æ–º–µ–Ω–¥—É—é,–±—ã–ª –Ω–µ—Å–∫–æ–ª—å–∫–æ —Ä–∞–∑ –∏ –≤—Å–µ–≥–¥–∞ –æ—á–µ–Ω—å –≤–∫—É—Å–Ω–æ,–ø–æ—Å–ª–µ —ç—Ç–æ–≥–æ –∫–∞—Ñ–µ –≤ –¥—Ä—É–≥–∏–µ –º–µ—Å—Ç–∞ –Ω–µ —Ö–æ—á–µ—Ç—Å—è. –ë—Ä–∞–ª –º–æ–∫–∫–æ —Å –∫–∞—Ä–∞–º–µ–ª—å–Ω–æ–π —Ç–∞–ø–∏–æ–∫–æ–π. –û—á–µ–Ω—å –ø–æ–Ω—Ä–∞–≤–∏–ª–æ—Å—å —ç—Ç–æ –º–µ—Å—Ç–æ,–¥–µ–π—Å—Ç–≤–∏—Ç–µ–ª—å–Ω–æ –≤–∫—É—Å–Ω—ã–µ –Ω–∞–ø–∏—Ç–∫–∏.",5.0
17,https://yandex.lv/maps/org/jinju_bubble_tea/155531159172/reviews,"–ù–µ–º–Ω–æ–≥–æ —Ä–∞—Å—Ç–µ—Ä—è–ª—Å—è –≤ –º–µ–Ω—é, –Ω–æ –¥—Ä—É–∂–µ–ª—é–±–Ω—ã–π —Å–æ—Ç—Ä—É–¥–Ω–∏–∫ –≤—Å–µ –¥–æ—Å—Ç—É–ø–Ω–æ –æ–±—ä—è—Å–Ω–∏–ª. 
–í –∏—Ç–æ–≥–µ —è –≤–∑—è–ª –∫—Ä–µ–º-–∫–µ–π–∫ –ª–∞—Ç—Ç–µ —Å —Ç–∞–ø–∏–æ–∫–æ–π. –ù–∏–∫–æ–≥–¥–∞ —Ç–∞–∫–æ–≥–æ –Ω–µ –ø—Ä–æ–±–æ–≤–∞–ª –∏ —Ä–µ—à–∏–ª —Ä–∏—Å–∫–Ω—É—Ç—å.
–ù–µ —Ö–≤–∞—Ç–∏—Ç —Å–ª–æ–≤ –≤—ã—Ä–∞–∑–∏—Ç—å –≤–æ—Å—Ç–æ—Ä–≥ –æ—Ç –≤–∫—É—Å–∞ –Ω–∞–ø–∏—Ç–∫–∞. –Ø –æ–±—è–∑–∞—Ç–µ–ª—å–Ω–æ –≤–µ—Ä–Ω—É—Å—å —á—Ç–æ–± –∏—Å–ø—ã—Ç–∞—Ç—å —ç—Ç–æ —É–¥–æ–≤–æ–ª—å—Å—Ç–≤–∏–µ —Å–Ω–æ–≤–∞
–¢–∞–ø–∏–æ–∫–∞ –ø—Ä–æ—Å—Ç–æ –±–æ–º–±–∏—á–µ—Å–∫–∞—è –Ω–∞ –≤–∫—É—Å

–°–Ω–∏–∂–∞—é –Ω–µ–º–Ω–æ–≥–æ –æ—Ü–µ–Ω–∫—É –∑–∞ –¥–æ–ª–≥–æ–µ –æ–∂–∏–¥–∞–Ω–∏–µ –∏ —Å–ª–æ–º–∞–Ω–Ω—ã–π —Å—Ç—É–ª –ø–æ—Å—Ä–µ–¥–∏ –∑–∞–ª–∞.",4.0
18,https://yandex.lv/maps/org/jinju_bubble_tea/155531159172/reviews,"–î–æ—Å—Ç–∞—Ç–æ—á–Ω–æ –º–∏–ª–æ–µ –∏ –ø—Ä–∏—è—Ç–Ω–æ–µ –∑–∞–≤–µ–¥–µ–Ω–∏–µ. –ù–∞–ø–∏—Ç–∫–∏ –Ω–∞ –≤–∫—É—Å –ø–æ–ª–Ω—ã–π —É–ª—ë—Ç, –∏–≥—Ä–∞–µ—Ç –ø—Ä–∏—è—Ç–Ω–∞—è –º—É–∑—ã–∫–∞, –ø–µ—Ä—Å–æ–Ω–∞–ª –¥–æ—Å—Ç–∞—Ç–æ—á–Ω–æ –≤–µ–∂–ª–∏–≤—ã–π, —Ä–µ–∫–æ–º–µ–Ω–¥—É—é!",5.0
19,https://yandex.lv/maps/org/jinju_bubble_tea/155531159172/reviews,"–£—é—Ç–Ω–æ–µ –∫–∞—Ñ–µ —Å —Ö–æ—Ä–æ—à–∏–º –≤—ã–±–æ—Ä–æ–º –Ω–∞–ø–∏—Ç–∫–æ–≤ –∏ –¥–µ—Å–µ—Ä—Ç–æ–≤ –∫ –Ω–∏–º. –ù–æ –ø–µ—Ä—Å–æ–Ω–∞–ª –Ω–µ —à–∏–ø–∫–æ —Ä–∞—Å—Ç–æ—Ä–æ–ø–Ω—ã–π. –î–ª—è –Ω–∞—à–µ–π –∫–æ–º–ø–∞–Ω–∏–∏ –∏–∑ 4 –¥–µ–≤—É—à–µ–∫ –∑–∞–∫–∞–∑–∞–Ω–Ω—ã–µ –Ω–∞–ø–∏—Ç–∫–∏ –≥–æ—Ç–æ–≤–∏–ª–∏—Å—å –æ—á–µ–Ω—å –º–µ–¥–ª–µ–Ω–Ω–æ‚Ä¶ –†–∞–∑–æ—á–∞—Ä–æ–≤–∞–ª –∫–æ—Ñ–µ. –°–æ—Ç—Ä—É–¥–Ω–∏–∫ –∫–∞—Ñ–µ –æ—Ç–≤–µ—Ç–∏–ª ¬´–∞ —É –Ω–∞—Å —Ç–∞–∫¬ª, –∫–æ–≥–¥–∞ —è —Å–ø—Ä–æ—Å–∏–ª–∞, –ø–æ—á–µ–º—É –∫–æ—Ñ–µ –†–∞—Ñ (–±–æ–ª—å—à–∞—è –ø–æ—Ä—Ü–∏—è) –æ–Ω–∏ –≥–æ—Ç–æ–≤—è—Ç –Ω–∞ –º–æ–ª–æ–∫–µ –∏ –ª–∏—à—å —Å –¥–æ–±–∞–≤–ª–µ–Ω–∏–µ–º –∫–∞–ø–ª–∏ —Å–ª–∏–≤–æ–∫ (—Ç–æ–≥–¥–∞ –∫–∞–∫ –º–æ–ª–æ–∫–∞ —Ç–∞–º –Ω–µ –¥–æ–ª–∂–Ω–æ –±—ã—Ç—å –≤–æ–æ–±—â–µ‚Ä¶)?üôÑ –ù–∞–º–µ—Ä–µ–Ω–Ω–æ–µ —É–¥–µ—à–µ–≤–ª–µ–Ω–∏–µ —Å–µ–±–µ—Å—Ç–æ–∏–º–æ—Å—Ç–∏ –Ω–∞–ø–∏—Ç–∫–∞ –∏ –Ω–µ—Å–æ–æ—Ç–≤–µ—Ç—Å—Ç–≤–∏–µ –∑–∞—è–≤–ª–µ–Ω–Ω–æ–≥–æ –≤–∏–¥–∞ –∫–æ—Ñ–µ. –ö —Ç–æ–º—É –∂–µ –æ–Ω –±—ã–ª —á–µ—Ä–µ—Å—á—É—Ä —Å–ª–∞–¥–∫–∏–ºü•¥",3.0
20,https://yandex.lv/maps/org/jinju_bubble_tea/155531159172/reviews,"–°–æ–≥–ª–∞—à—É—Å—å —Å –Ω–µ–∫–æ—Ç–æ—Ä—ã–º–∏ –æ—Ç–∑—ã–≤–∞–º–∏: 
1. –í—ã–≤–µ—Å–∫–∞ –ø—Ä–∏—è—Ç–Ω–∞—è, –Ω–æ –∑–∞ –Ω–µ–π –∫—Ä–æ–µ—Ç—Å—è –≥—Ä—è–∑–Ω—ã–π –ø–æ–ª –∏ —É–∂–∞—Å–Ω—ã–π –∑–∞–ø–∞—Ö (–µ—Å–ª–∏ –Ω–µ—Ç –≤—ã—Ç—è–∂–∫–∏, —Ç–æ –ø–æ –¥–Ω–æ —Ö–æ—Ç—è –±—ã –ø—Ä–æ–≤–µ—Ç—Ä–∏–≤–∞—Ç—å). –ü—Ä–∏ —ç—Ç–æ–º –∞—Ä–æ–º–∞—Ç: —Å–º–µ—Å—å —Ç—É—à–µ–Ω–æ–π –∫–∞–ø—É—Å—Ç—ã —Å —á–µ–º—É-—Ç–æ.
2. –°–µ—Ä–≤–∏—Å –Ω–µ –æ—á–µ–Ω—å –ø—Ä–∏—è—Ç–Ω—ã–π: –∑–∞–∫–∞–∑ –ø—Ä–∏–Ω–∏–º–∞–µ—Ç –¥–µ–≤—É—à–∫–∞ —Å–æ –≤–∑–≥–ª—è–¥–æ–º –∏–∑-–ø–æ–¥ –ª–æ–±—å—è, —Å –∫–∞–∫–∏–º-—Ç–æ –≤—ã–∑–æ–≤–æ–º. 

–í–æ—â–≤—Ä–∞—â–∞—Ç—å—Å—è —Å—é–¥–∞ –Ω–µ –±—É–¥—É, –ª—É—á—à–µ –ø–æ–π—Ç–∏ –Ω–∞ —Ñ—É–¥-–∫–æ—Ä—Ç –ø–æ–±–ª–∏–∑–æ—Å—Ç–∏ –∏ –∫—É–ø–∏—Ç—å –±–∞–±–ª —Ç–∏ –∏–∑–≤–µ—Å—Ç–Ω–æ–π –º–∞—Ä–∫–∏ –≤ –∫–æ–º—Ñ–æ—Ä—Ç–Ω—ã—Ö —É—Å–ª–æ–≤–∏—è—Ö. 
2. –ù–µ –≤—ã–¥–∞—é—Ç –Ω–∏–∫–∞–∫–∏—Ö –ø–µ–π–¥–∂–µ—Ä–æ–≤, –∑–∞–∫–∞–∑ –æ–±—ä—è–≤–ª—è—é—Ç —Ç–∞–∫ —Ç–∏—Ö–æ, —á—Ç–æ –∫–æ–≥–¥–∞ –ø—Ä–∏ –º–Ω–µ –ø–æ—Å—Ç–∞–≤–∏–ª–∏ –ø–µ—Ä–≤—ã–π –≥–æ—Ç–æ–≤—ã–π —Å—Ç–∞–∫–∞–Ω, –Ω–∏–∫—Ç–æ –∏–∑ —Å–∏–¥—è—â–∏—Ö (–ø–æ–ª–Ω—ã–π –∑–∞–ª) –Ω–µ —Å—Ä–µ–∞–≥–∏—Ä–æ–≤–∞–ª, –ø–æ—Ç–æ–º—É —á—Ç–æ –Ω–µ —É—Å–ª—ã—à–∞–ª. 
3. –ì—Ä–æ–º–∫–∞—è –º—É–∑—ã–∫–∞, –∫–æ—Ç–æ—Ä—É—é —Å—É–¥—è –ø–æ –≤—Å–µ–º—É —Å—Ç–∞–≤—è—Ç –ø–æ –≤–∫—É—Å—É –ø–µ—Ä—Å–æ–Ω–∞–ª–∞, –∞ –Ω–µ –æ—Ä–∏–µ–Ω—Ç–∏—Ä—É—è—Å—å –Ω–∞ –ø–æ—Ç–µ–Ω—Ü–∏–∞–ª—å–Ω—ã–π –ø–æ—Å–µ—Ç–∏—Ç–µ–ª–µ–π, –∏–ª–∏ —Å—Ç–∏–ª—å –∫–∞—Ñ–µ –≤ —Ü–µ–ª–æ–º. 

–ú–æ–π –∑–∞–∫–∞–∑ —Å–¥–µ–ª–∞–ª–∏ –≤ —Ç–µ—á–µ–Ω–∏–µ 11 –º–∏–Ω—É—Ç, –º–æ–ª—á–∞ (–∏–ª–∏ —Ç–∏—Ö–æ —Å–∫–∞–∑–∞–≤) –ø–æ—Å—Ç–∞–≤–∏–ª–∏ –Ω–∞ —Å—Ç–æ–ª. –ü—Ä–∏—à–ª–æ—Å—å —É—Ç–æ—á–Ω–∏—Ç—å —á—Ç–æ —ç—Ç–æ –∏ –∑–∞–±—Ä–∞—Ç—å.",1.0
21,https://yandex.lv/maps/org/jinju_bubble_tea/155531159172/reviews,"–í—Å–µ –ø–æ–Ω—Ä–∞–≤–∏–ª–æ—Å—å. –ü—Ä–æ—á–∏—Ç–∞–ª–∞ –æ—Ç–∑—ã–≤—ã –∏ –±—ã–ª–∞ –Ω–µ–º–Ω–æ–≥–æ –Ω–∞–ø—É–≥–∞–Ω–∞ –∫–∞—Å–∞—Ç–µ–ª—å–Ω–æ —Ä–∞–±–æ—Ç—ã –ø–µ—Ä—Å–æ–Ω–∞–ª–∞, –Ω–æ –º–µ–Ω—è —Ö–æ—Ä–æ—à–æ –æ–±—Å–ª—É–∂–∏–ª–∏ –∏ –¥–æ—Å—Ç–∞—Ç–æ—á–Ω–æ –±—ã—Å—Ç—Ä–æ, –ø—Ä–∏—à–ª–∞ –≤ –±—É–¥–Ω–∏–π –¥–µ–Ω—å",5.0
22,https://yandex.lv/maps/org/jinju_bubble_tea/155531159172/reviews,"18.02 –∑–∞–≥–ª—è–Ω—É–ª–∞ –≤ –∫–æ—Ñ–µ–π–Ω—é, –∑–∞ –∫–∞—Å—Å–æ–π –±—ã–ª–∞ –∑–∞–º–µ—á–∞—Ç–µ–ª—å–Ω–∞—è –¥–µ–≤—É—à–∫–∞ , –æ—á–µ–Ω—å –ø—Ä–∏—è—Ç–Ω–∞—è –∏ –≤–µ–∂–ª–∏–≤–∞—è. 
–ü–æ–±–æ–ª—å—à–µ –±—ã —Ç–∞–∫–∏—Ö —Å–æ—Ç—Ä—É–¥–Ω–∏–∫–æ–≤ , –Ω–∞—Å—Ç—Ä–æ–µ–Ω–∏–µ —Å —É—Ç—Ä–∞ –ø–æ–¥–Ω–∏–º–∞–µ—Ç—Å—è!",5.0
23,https://yandex.lv/maps/org/jinju_bubble_tea/155531159172/reviews,"–æ—á–µ–Ω—å –∞—Ç–º–æ—Å—Ñ–µ—Ä–Ω–æ–µ –º–µ—Å—Ç–æ, –≥–¥–µ –≥–æ—Ç–æ–≤—è—Ç –ø–æ—Ç—Ä—è—Å–∞—é—â–∏–π –±–∞–±–ª —Ç–∏ –ø–æ –¥–æ—Å—Ç—É–ø–Ω—ã–º —Ü–µ–Ω–∞–º! –æ—Ç–∑—ã–≤—á–∏–≤—ã–π –ø–µ—Ä—Å–æ–Ω–∞–ª) –º–Ω–æ–≥–æ –Ω–µ–æ–±—ã—á–Ω—ã—Ö —Å–Ω–µ–∫–æ–≤ –∏–∑ —Å—Ç—Ä–∞–Ω –∞–∑–∏–∏ –¥–ª—è –ø–æ–∫—É–ø–∫–∏) –æ–¥–Ω–æ–∑–Ω–∞—á–Ω–æ —Ä–µ–∫–æ–º–µ–Ω–¥—É—é –∫ –ø–æ—Å–µ—â–µ–Ω–∏—é!",5.0
24,https://yandex.lv/maps/org/jinju_bubble_tea/155531159172/reviews,"–ø–µ—Ä–≤–æ–µ, –∑–∞ —á—Ç–æ —Ö–æ—á—É –æ—Ç–º–µ—Ç–∏—Ç—å –¥–∞–Ω–Ω–æ–µ –∑–∞–≤–µ–¥–µ–Ω–∏–µ —ç—Ç–æ –∑–∞ –ø—Ä–∏—è—Ç–Ω—É—é –∞—Ç–º–æ—Å—Ñ–µ—Ä—É –∏ –º—É–∑—ã–∫—É, –æ–∂–∏–¥–∞–Ω–∏–µ –Ω–µ–º–Ω–æ–≥–æ –¥–æ–ª–≥–æ–µ, –Ω–æ —Ç–µ—Ä–ø–∏–º–æ
–Ω–∞–ø–∏—Ç–∫–∏ –¥–µ–π—Å—Ç–≤–∏—Ç–µ–ª—å–Ω–æ –æ—á–µ–Ω—å –≤–∫—É—Å–Ω—ã–µ, –±–µ—Ä–∏—Ç–µ –æ–±—è–∑–∞—Ç–µ–ª—å–Ω–æ —Å —Ç–∞–ø–∏–æ–∫–æ–π!!",5.0
25,https://yandex.lv/maps/org/jinju_bubble_tea/155531159172/reviews,"–û—á–µ–Ω—å –≤–∫—É—Å–Ω—ã–µ –ø–∞—Ä–æ–≤—ã–µ –ø–∏—Ä–æ–∂–∫–∏)) –±—Ä–∞–ª–∞ —Å –≥–æ–≤—è–¥–∏–Ω–æ–π –∏ —Å—ã—Ä–æ–∫ ü§§ –ö–æ—Ñ–µ —Ç–æ–∂–µ –≤–∫—É—Å–Ω—ã–π! –í–∏–∑—É–∞–ª—å–Ω–æ –Ω–µ–ø—Ä–∏–º–µ—Ç–Ω–æ–µ –º–µ—Å—Ç–æ, –∏–Ω—Ç–µ—Ä—å–µ—Ä –≤–Ω—É—Ç—Ä–∏ –ø—Ä–æ—Å—Ç–æ–≤–∞—Ç, –Ω–æ –æ–±—Å–ª—É–∂–∏–≤–∞–Ω–∏–µ –±—ã—Å—Ç—Ä–æ–µ, —Å–æ—Ç—Ä—É–¥–Ω–∏–∫–∏ –ø—Ä–∏–≤–µ—Ç–ª–∏–≤—ã–µ. –í—Å—ë –ø–æ–Ω—Ä–∞–≤–∏–ª–æ—Å—å",5.0
26,https://yandex.lv/maps/org/jinju_bubble_tea/155531159172/reviews,"–û—á–µ–Ω—å –ø—Ä–∏—è—Ç–Ω–æ–µ –º–µ—Å—Ç–æ: 5/5
–î–æ–ª–≥–æ –∏–∑–±–µ–≥–∞–ª–∞ Jinju –∏–∑-–∑–∞ –Ω–∏–∑–∫–æ–≥–æ —Ä–µ–π—Ç–∏–Ω–≥–∞ –∏ –æ—á–µ–Ω—å –∑—Ä—è!
–ó–¥–µ—Å—å —è –ø–æ–ø—Ä–æ–±–æ–≤–∞–ª–∞ —Å–∞–º—É—é –º—è–≥–∫—É—é –∏ –ø—Ä–∏—è—Ç–Ω—É—é —Ç–∞–ø–∏–æ–∫—É ‚Äî —ç—Ç–æ –ø—Ä—è–º–æ —É—Å–ª–∞–¥–∞! –°–∞–º–∏ –Ω–∞–ø–∏—Ç–∫–∏ —Å–±–∞–ª–∞–Ω—Å–∏—Ä–æ–≤–∞–Ω–Ω—ã–µ –∏ –æ—á–µ–Ω—å –≤–∫—É—Å–Ω—ã–µ!
–ù–µ–º–∞–ª–æ–≤–∞–∂–Ω–æ –∏ —Ç–æ, —á—Ç–æ –≤ —ç—Ç–æ–º –∫–∞—Ñ–µ –º–æ–∂–Ω–æ —Å–ø–æ–∫–æ–π–Ω–æ –ø–æ—Å–∏–¥–µ—Ç—å –∏ –æ—Ç–¥–æ—Ö–Ω—É—Ç—å (–±–æ–ª—å—à–∏–Ω—Å—Ç–≤–æ –±–∞–±–±–ª—Ç–∏—à–Ω—ã—Ö –æ—á–µ–Ω—å —Ç–µ—Å–Ω—ã–µ).
–í –æ–±—â–µ–º, –≤–ø–µ—á–∞—Ç–ª–µ–Ω–∏–µ —Ö–æ—Ä–æ—à–µ–µ)",5.0
27,https://yandex.lv/maps/org/jinju_bubble_tea/155531159172/reviews,–ö—Ä–∞—Å–∏–≤—ã–π –∏–Ω—Ç–µ—Ä—å–µ—Ä. –£—é—Ç–Ω—ã–π –≤–∏–¥ –≤–æ –¥–≤–æ—Ä —Å —Ç–µ—Ä—Ä–∞—Å—ã. –ö—Ä–∞—Å–∏–≤—ã–µ –∏ —É—é—Ç–Ω—ã–µ –æ—Ñ–∏—Ü–∏–∞–Ω—Ç—ã. –•–æ—Ä–æ—à–µ–µ –≤–ø–µ—á–∞—Ç–ª–µ–Ω–∏–µ!,5.0
28,https://yandex.lv/maps/org/jinju_bubble_tea/155531159172/reviews,"–ë—Ä–∞–ª–∞ –Ω–µ —Ä–∞–∑ —Ç–∞–º –∫–æ—Ñ–µ, —Å—Ç–∞–ª–∏ —è–≤–Ω–æ –æ–±–º–∞–Ω—ã–≤–∞—Ç—å. –í–º–µ—Å—Ç–æ 300–º–ª –Ω–∞–ª–∏–≤–∞—é—Ç 150. –ö–æ–≥–¥–∞ –ø–æ–≤—Ç–æ—Ä–Ω–æ –ø—Ä–∏—à–ª–∞ –∏ –ø–æ–ø—Ä–æ—Å–∏–ª–∞ 300, —Å–∏—Ç—É–∞—Ü–∏—è –ø–æ–≤—Ç–æ—Ä–∏–ª–∞—Å—å. –Ø —Å–∫–∞–∑–∞–ª–∞ –æ–± —ç—Ç–æ–º –ø–µ—Ä—Å–æ–Ω–∞–ª—É, –º–µ–Ω—è –≤–Ω–∞–≥–ª—É—é –ø—ã—Ç–∞–ª–∏—Å—å –ø–µ—Ä–µ—É–±–µ–¥–∏—Ç—å —á—Ç–æ —Ç–∞–º –≤—Å–µ —Å–æ–æ—Ç–≤–µ—Ç—Å—Ç–≤—É–µ—Ç –∏ –¥–æ–ª–∏–≤–∞—Ç—å –º–Ω–µ –Ω–∏–∫—Ç–æ –Ω–µ —Å–æ–±–∏—Ä–∞–ª—Å—è.",1.0
29,https://yandex.lv/maps/org/jinju_bubble_tea/155531159172/reviews,"–ë—ã–ª–∏ –≤ —ç—Ç–æ–º –∫–∞—Ñ–µ, –∑–∞–∫–∞–∑—ã–≤–∞–ª–∏ –¥–≤–∞ —á–∞—è. –°–Ω–∞—á–∞–ª–∞ –ø–µ—Ä—Å–æ–Ω–∞–ª –º–∏–Ω—É—Ç 5 –Ω–µ –º–æ–≥ –æ–ø—Ä–µ–¥–µ–ª–∏—Ç—å—Å—è –∏ —Å–∫–∞–∑–∞—Ç—å, —á—Ç–æ –µ—Å—Ç—å –≤ –º–µ–Ω—é, –∞ —á–µ–≥–æ –Ω–µ—Ç. –ò–∑ –∑–∞ —ç—Ç–æ–≥–æ –∑–∞–∫–∞–∑ –ø–µ—Ä–µ–±–∏–≤–∞–ª–∏ –Ω–µ—Å–∫–æ–ª—å–∫–æ —Ä–∞–∑. –ü–æ—Å–ª–µ –≤—ã—è—Å–Ω–∏–ª–æ—Å—å, —á—Ç–æ 70% –ø—Ä–µ–¥—Å—Ç–∞–≤–ª–µ–Ω–Ω–æ–≥–æ –∏–∑ –º–µ–Ω—é –≤–æ–æ–±—â–µ —Å–µ–π—á–∞—Å –æ—Ç—Å—É—Ç—Å—Ç–≤—É–µ—Ç. –ü–æ—Å–ª–µ –∑–∞–∫–∞–∑–∞ —Å–∫–∞–∑–∞–ª–∏ –∂–¥–∞—Ç—å 5-10 –º–∏–Ω—É—Ç. –ú—ã –ø—Ä–æ–∂–¥–∞–ª–∏ 15-20 –º–∏–Ω—É—Ç, –ø–æ—Å–ª–µ —á–µ–≥–æ –Ω–∞–º –≤—ã–¥–∞–ª–∏ —Ç–æ–ª—å–∫–æ –æ–¥–∏–Ω —á–∞–π (–≤—ã–¥–∞–ª–∏ —Å–æ –ª—å–¥–æ–º, –º—ã –ø—Ä–æ—Å–∏–ª–∏ –±–µ–∑ –ª—å–¥–∞). –í—Ç–æ—Ä–æ–π —á–∞–π –ø–æ—Å–ª–µ –¥–ª–∏—Ç–µ–ª—å–Ω–æ–≥–æ –æ–∂–∏–¥–∞–Ω–∏—è –º—ã –Ω–µ –ø–æ–ª—É—á–∏–ª–∏, —Ç–∞–∫ –∫–∞–∫ –ø–æ—á–µ–º—É —Ç–æ —Ç–æ–ª—å–∫–æ —Å–µ–π—á–∞—Å –Ω–∞–º —Å–∫–∞–∑–∞–ª–∏, —á—Ç–æ –∏ —ç—Ç–æ–≥–æ —á–∞—è –≤ –Ω–∞–ª–∏—á–∏–∏ –Ω–µ—Ç (–∑–∞–∫–∞–∑ —É–∂–µ –±—ã–ª –æ–ø–ª–∞—á–µ–Ω). –ü—Ä–∏—à–ª–æ—Å—å –æ–ø—è—Ç—å –≤—Å—ë –ø–µ—Ä–µ–≤—ã–±–∏—Ä–∞—Ç—å –∏ –∑–∞–Ω–æ–≤–æ –∂–¥–∞—Ç—å –≤—Ç–æ—Ä–æ–π —á–∞–π. –ö —Å–ª–æ–≤—É, –ø–æ—Å–∏—Ç–∏—Ç–µ–ª–µ–π –≤ –∫–∞—Ñ–µ –Ω–µ –±—ã–ª–æ –≤–æ–æ–±—â–µ. –ß–∞–π –ø–æ –≤–∫—É—Å—É –æ–∫–∞–∑–∞–ª—Å—è –Ω–æ—Ä–º–∞–ª—å–Ω—ã–º, –Ω–æ –±–æ–ª—å—à–µ —Ç–∞–º –±—ã–ª –≤–∫—É—Å —Ö–∏–º–∏–∏, —á–µ–º —á–µ–≥–æ —Ç–æ –Ω–∞—Ç—É—Ä–∞–ª—å–Ω–æ–≥–æ. –ù–æ —Ç–∞–∫–æ–π —Å–µ—Ä–≤–∏—Å, –µ—Å–ª–∏ –≤–æ–æ–±—â–µ —Ç–∞–∫–æ–µ –æ—Ç–≤—Ä–∞—Ç–∏—Ç–µ–ª—å–Ω–æ–µ –æ—Ç–Ω–æ—à–µ–Ω–∏–µ –º–æ–∂–Ω–æ –Ω–∞–∑–≤–∞—Ç—å —Å–µ—Ä–≤–∏—Å–æ–º, –ø–æ–¥–ø–æ—Ä—Ç–∏–ª –Ω–∞—Å—Ç—Ä–æ–µ–Ω–∏–µ.",1.0
30,https://yandex.lv/maps/org/jinju_bubble_tea/155531159172/reviews,"–£–∂–∞—Å–Ω–æ–µ –º–µ—Å—Ç–æ! (–†–∞–Ω—å—à–µ –Ω–æ—Ä–º –±—ã–ª–æ) –û–ø–ª–∞—Ç–∞ –ø–µ—Ä–µ–≤–æ–¥–æ–º, —Ä–µ–±—è—Ç–∞ —Å–ø–æ—Ä—è—Ç –∫—Ç–æ –ø–æ–π–¥–µ—Ç –ø—Ä–∏–Ω–∏–º–∞—Ç—å –∑–∞–∫–∞–∑, —á–∞–π —Å —Ç–∞–ø–∏–æ–∫–æ–π –¥–µ–ª–∞—é—Ç –Ω–∞ –¥–µ—à–µ–≤–æ–º roal (—Å–º–µ—à–Ω–æ) –æ–±—ã—á–Ω–æ –∫—Ä–∞—Å–Ω—ã–π —Ç–∞–π—Å–∫–∏–π, –ø—Ä–∏ –≤–æ–ø—Ä–æ—Å–µ –∫–∞–∫–æ–π –µ—Å—Ç—å –Ω–µ —Å—É–ø–µ—Ä —Å–ª–∞–¥–∫–∏–π —á–∞–π( —è –∑–Ω–∞—é —á—Ç–æ –æ–Ω–∏ —Å–ª–∞–¥–∫–∏–µ) –º–µ–Ω–µ–µ —Å–ª–∞–¥–∫–∏–π —á–∞–π –∏–∑ –≤—Å–µ—Ö –ø–æ–ø—Ä–æ—Å–∏–ª, —á—É–≤–∞–∫ —Å –∫–∏—Å–ª–æ–π –º–∏–Ω–æ–π –∫–æ—Ç–æ—Ä—ã–π ¬´–ø—Ä–æ—Å–ø–æ—Ä–∏–ª¬ª –∏ –µ–º—É –ø—Ä–∏—à–ª–æ—Å—å –∏–¥—Ç–∏ –ø—Ä–∏–Ω–∏–º–∞—Ç—å –∑–∞–∫–∞–∑ –æ—Ç–≤–µ—á–∞–µ—Ç –í–°–ï –°–ª–∞–¥–∫–∏–µ))) –¢–æ–ø –æ–±—Å–ª—É–∂–∏–≤–∞–Ω–∏–µ, –æ–±—ã—á–Ω–æ —Ç–µ–±–µ –æ–±—ä—è—Å–Ω—è—é—Ç –≥–æ–≤–æ—Ä—è—Ç –Ω—É —Ç–∞–∫–æ–π –≤–æ—Ç –Ω–µ —Ç–∞–∫–æ–π —Å–ª–∞–¥–∫–∏–π –∫–∞–∫ —Ç–æ—Ç –∏—Ç–¥. –ó–∞–∫—Ä–æ–π—Ç–µ—Å—å –∏ –Ω–µ —Ä–∞–±–æ—Ç–∞–π—Ç–µ) –õ–∏–±–æ —É–≤–æ–ª—å—Ç–µ –≤–µ—Å—å –ø–µ—Ä—Å–æ–Ω–∞–ª –∏ –Ω–∞–π–º–∏—Ç–µ –Ω–æ–≤—ã–π",1.0
31,https://yandex.lv/maps/org/jinju_bubble_tea/155531159172/reviews,"–∫—Ä—É—Ç–æ–µ –º–µ—Å—Ç–æ!!! –≤—Å–µ–º —Å–æ–≤–µ—Ç—É—é
—Ö–æ—Ä–æ—à–∏–µ —Ä–µ–±—è—Ç–∞ —Ç—É—Ç —Ä–∞–±–æ—Ç–∞—é—Ç, –¥–µ–ª–∞—é—Ç –≤–∫—É—Å–Ω—ã–µ –Ω–∞–ø–∏—Ç–∫–∏
11/10",5.0
32,https://yandex.lv/maps/org/jinju_bubble_tea/155531159172/reviews,"–ë–æ–ª—å—à–æ–π –≤—ã–±–æ—Ä –±–∞–±–ª—Ç–∏ –∏ –Ω–∞–ø–æ–ª–Ω–∏—Ç–µ–ª–µ–º, –ø—Ä–∏–≤–µ—Ç–ª–∏–≤—ã–π –ø–µ—Ä—Å–æ–Ω–∞–ª, —É—é—Ç–Ω–æ–µ –Ω–µ–±–æ–ª—å—à–æ–µ –ø–æ–º–µ—â–µ–Ω–∏–µ",5.0
33,https://yandex.lv/maps/org/jinju_bubble_tea/155531159172/reviews,–ü—Ä–∏–∫–æ–ª—å–Ω–æ–µ –º–µ—Å—Ç–æ. –ï—Å—Ç—å –ø–æ–Ω—è—Ç–Ω—ã–µ —Å–ª–∞–¥–∫–∏–µ –±—É–ª–æ—á–∫–∏. –ù–æ –Ω–∞ –ü—Ä–æ—Å–ø–µ–∫—Ç–µ –ú–∏—Ä–∞ –±–æ–ª—å—à–µ –Ω—Ä–∞–≤–∏—Ç—Å—è –∏–∑-–∑–∞ —Ä–∞–±–æ—Ç–∞—é—â–∏—Ö –∫–æ—Ä–µ–π—Ü–µ–≤ .,5.0
34,https://yandex.lv/maps/org/jinju_bubble_tea/155531159172/reviews,"–û–¥–Ω–∞ –∏–∑ –º–æ–∏—Ö —Å–∞–º—ã—Ö –ª—é–±–∏–º—ã—Ö –∫–æ—Ñ–µ–µ–Ω –±–∞–±–ª-—Ç–∏, –≥–æ—Ç–æ–≤—è—Ç –≤–∫—É—Å–Ω–æ –∏ —Ç–∞–ø–∏–æ–∫—É, –∏ –Ω–∞–ø–∏—Ç–∫–∏, –µ—Å—Ç—å –±–æ–ª—å—à–æ–π –≤—ã–±–æ—Ä –∫–æ—Ñ–µ–π–Ω—ã—Ö. –¶–µ–Ω—ã –Ω–µ –Ω–∏–∑–∫–∏–µ, –Ω–æ —Å—Ä–µ–¥–Ω–∏–µ –ø–æ –ú–æ—Å–∫–≤–µ –∑–∞ –ø–æ–¥–æ–±–Ω—ã–µ –Ω–∞–ø–∏—Ç–∫–∏",5.0
35,https://yandex.lv/maps/org/jinju_bubble_tea/155531159172/reviews,"–û—á–µ–Ω—å –≤–∫—É—Å–Ω–æ! –ú–∞—Ç—á–∞ —Å—É–ø–µ—Ä, –∫—Ä–µ–º —Å—É–ø–µ—Ä, —Ç–∞–ø–∏–æ–∫–∞ –º—è–≥–∫–∞—è –∏ –≤ –º–µ—Ä—É —Å–ª–∞–¥–∫–∞—è, –≤—Å–µ –æ–≥–æ–Ω—å, –≤–∫—É—Å–Ω–µ–µ –ø–∏–º—Å)",5.0
36,https://yandex.lv/maps/org/jinju_bubble_tea/155531159172/reviews,"–í–∫—É—Å–Ω–æ–µ –±–∞–±–ª—Ç–∏, –∏–Ω—Ç–µ—Ä–µ—Å–Ω—ã–µ –ø–æ–∑–∏—Ü–∏–∏ –≤ –º–µ–Ω—é. –ï—Å—Ç—å –≤—ã–±–æ—Ä –Ω–∞–ø–∏—Ç–∫–æ–≤ –¥–ª—è –ª—é–±–∏—Ç–µ–ª–µ–π —Å–∏–ª—å–Ω–æ —Å–ª–∞–¥–∫–∏—Ö –Ω–∞–ø–∏—Ç–∫–æ–≤ –∏ –Ω–µ –æ—á–µ–Ω—å. –¢–∞–∫–∂–µ –º–æ–∂–Ω–æ –∫—É–ø–∏—Ç—å –º–æ—Ç–∏ —Å —Ç—Ä–∞–¥–∏—Ü–∏–æ–Ω–Ω—ã–º–∏ –Ω–∞—á–∏–Ω–∫–∞–º–∏ (–±–æ–±–æ–≤–∞—è –ø–∞—Å—Ç–∞) –∏ —Ä–∞–º–µ–Ω.",5.0
37,https://yandex.lv/maps/org/jinju_bubble_tea/155531159172/reviews,"–Ø —Ç–æ—Ç –ø–∞—Ä–µ–Ω—å –≤ —á–µ—Ä–Ω–æ-–±–µ–ª–æ–π —Ä—É–±–∞—à–∫–µ –ø—Ä–∏—Ö–æ–¥–∏–ª –∑–∞ –±–∞–±–ª—Ç–∏ –¥–ª—è –∂–µ–Ω—ã, –≤—Å–µ –æ—á–µ–Ω—å –ø–æ–Ω—Ä–∞–≤–∏–ª–æ—Å—å, –∫—Ä—É—Ç–æ–π –≤–∫—É—Å, –≤—ã–ø–æ–ª–Ω–∏–ª–∏ –º–æ—é –∑–∞–¥–∞—á—É –Ω–∞ 10/10.
–°–ø–∞—Å–∏–±–æ –∫–æ–º–∞–Ω–¥–µ –∑–∞ –ø—Ä–æ—Ñ–µ—Å—Å–∏–æ–Ω–∞–ª–∏–∑–º",5.0
38,https://yandex.lv/maps/org/jinju_bubble_tea/155531159172/reviews,"–ü–µ—Ä—Å–æ–Ω–∞–ª –æ—Ç–≤—Ä–∞—Ç–∏—Ç–µ–ª—å–Ω—ã–π. –û–ø–ª–∞—Ç–∏–ª–∞ –∑–∞–∫–∞–∑ –Ω–∞ 760—Ä, –Ω–æ –¥–µ–≤—É—à–∫–∞, —Å –Ω–∞–≥–ª—ã–º –≤—ã—Ä–∞–∂–µ–Ω–∏–µ–º –ª–∏—Ü–∞, –∫–∞–∫-–±—É–¥—Ç–æ —è –µ–π –¥–æ–ª–∂–Ω–∞, –∞ –Ω–µ –Ω–∞–æ–±–æ—Ä–æ—Ç, –ø—Ä–æ–¥–æ–ª–∂–∞–ª–∞ —Ç–æ—Ä—á–∞—Ç—å –≤ —Ç–µ–ª–µ—Ñ–æ–Ω–µ. –ù–∞ –º–æ–π –≤–æ–ø—Ä–æ—Å - –∫–æ–≥–¥–∞ –º–æ–π –∫–∞–ø—É—á–∏–Ω–æ –Ω–∞—á–Ω—É—Ç –≥–æ—Ç–æ–≤–∏—Ç—å - –ª–µ–Ω–∏–≤–æ –æ—Ç–æ—Ä–≤–∞–ª–∞—Å—å –æ—Ç —Ç–µ–ª–µ—Ñ–æ–Ω–∞ –∏ –º–µ–¥–ª–µ–Ω–Ω–æ –Ω–∞—á–∞–ª–∞, —Å —É–∂–∏–º–∫–∞–º–∏, –∏ –ø—Ä–æ–∑—Ä–∞—á–Ω–æ –¥–µ–º–æ–Ω—Å—Ç—Ä–∏—Ä—É—è —Å–≤–æ–µ –æ—Ç–Ω–æ—à–µ–Ω–∏–µ –∫–æ –º–Ω–µ. 
–î–∞–≤–Ω–æ —Ç–∞–∫–æ–≥–æ –Ω–µ –≤–∏–¥–µ–ª–∞. –î–∏—á—å –≤–æ –≤—Ä–µ–º–µ–Ω–∞, –∫–æ–≥–¥–∞ —Ç–∞–∫–∞—è –≤—ã—Å–æ–∫–∞—è –∫–æ–Ω–∫—É—Ä–µ–Ω—Ü–∏—è. –í–ª–∞–¥–µ–ª—å—Ü–∞–º –±—ã –ø—Ä–æ–º–æ–Ω–∏—Ç–æ—Ä–∏—Ç—å –∫–∞–∫ —Ä–∞–±–æ—Ç–∞–µ—Ç –ø–µ—Ä—Å–æ–Ω–∞–ª. –ë–æ–ª—å—à–µ —Å—é–¥–∞ –Ω–∏ –Ω–æ–≥–æ–π",1.0
39,https://yandex.lv/maps/org/jinju_bubble_tea/155531159172/reviews,"–í—á–µ—Ä–∞ –≤–µ—á–µ—Ä–æ–º –æ–ø–ª–∞—Ç–∏–ª–∞ –Ω–∞–ø–∏—Ç–æ–∫ 3 —Ä–∞–∑–∞. –ü–µ—Ä–≤—ã–µ 2 —Ä–∞–∑–∞ —É –Ω–∏—Ö –Ω–µ –≤—ã–ª–µ–∑–∞–ª–∏ —á–µ–∫–∏ –∏ –º–Ω–µ –≥–æ–≤–æ—Ä–∏–ª–∏ —á—Ç–æ –æ–ø–ª–∞—Ç–∞ –Ω–µ –ø—Ä–æ—à–ª–∞ –∏ –ø—Ä–æ—Å–∏–ª–∏ –æ–ø–ª–∞—Ç–∏—Ç—å —Å–Ω–æ–≤–∞, —Ö–æ—Ç—è —è –ø–æ–∫–∞–∑—ã–≤–∞–ª–∞ —á—Ç–æ —É –º–µ–Ω—è –æ–ø–ª–∞—Ç–∞ –ø—Ä–æ—à–ª–∞ –∏ –ø—Ä–µ–¥—ä—è–≤–ª—è–ª–∞ –∏–º –∫–≤–∏—Ç–∞–Ω—Ü–∏–∏. –û–ø–ª–∞—Ç–∞ –±—ã–ª–∞ –ø–æ QR –∫–æ–¥—É. –í –∏—Ç–æ–≥–µ 3–π —Ä–∞–∑ —è —É–∂–µ –æ–ø–ª–∞—Ç–∏–ª–∞ –¥—Ä—É–≥–æ–π –∫–∞—Ä—Ç–æ–π –∏ –≤—Å–µ –ø—Ä–æ—à–ª–æ. –ù–∞–ø–∏—Ç–æ–∫ –º–Ω–µ –æ—Ç–¥–∞–ª–∏ –∏ —Å–∫–∞–∑–∞–ª–∏ —á—Ç–æ –ø–æ –ø–µ—Ä–≤—ã–º –¥–≤—É–º –ø–ª–∞—Ç–µ–∂–∞–º –º–Ω–µ –ø—Ä–∏–¥–µ—Ç –æ—Ç–º–µ–Ω–∞ –≤ —Ç–µ—á–µ–Ω–∏–∏ 30 –º–∏–Ω—É—Ç, –Ω–∏–∫–∞–∫–æ–π –æ—Ç–º–µ–Ω—ã –Ω–µ –±—ã–ª–æ, –¥–µ–Ω—å–≥–∏ –ø–æ–ª–Ω–æ—Å—Ç—å—é —Å–ø–∏—Å–∞–Ω—ã. –í –∏—Ç–æ–≥–µ —è –∫—É–ø–∏–ª–∞ –Ω–∞–ø–∏—Ç–æ–∫ –∑–∞ 1950 —Ä—É–±. –ö–∞–∫ –≤–∞–º —Ç–∞–∫–∞—è —Ü–µ–Ω–∞ –∑–∞ —Å—Ç–∞–∫–∞–Ω –∫–æ—Ñ–µ —Å —Ä–∏—Å–æ–≤—ã–º–∏ —à–∞—Ä–∏–∫–∞–º–∏? –Ø –≤–æ–∑–º—É—â–µ–Ω–∞! 
–ù–∏–∫—Ç–æ –¥–∞–∂–µ –Ω–µ –ø—Ä–µ–¥–ª–æ–∂–∏–ª –∫–∞–∫ —Ç–æ –∑–∞—Ñ–∏–∫—Å–∏—Ä–æ–≤–∞—Ç—å —ç—Ç–æ, —á—Ç–æ–±—ã –≤ —Å–ª—É—á–∞–µ —á–µ–≥–æ —è –º–æ–≥–ª–∞ –æ–±—Ä–∞—Ç–∏—Ç—å—Å—è –∫ –Ω–∏–º. –í–æ—Ç 3 –æ–ø–ª–∞—Ç—ã –ø—Ä–∏–º–µ—Ä–Ω–æ —Å —Ä–∞–∑–Ω–∏—Ü–µ–π –≤ –º–∏–Ω—É—Ç–∞—Ö –º–µ–∂–¥—É –Ω–∏–º–∏.",1.0
40,https://yandex.lv/maps/org/jinju_bubble_tea/155531159172/reviews,"–ù–∞–º–Ω–æ–≥–æ –±–ª–∏–∂–µ –∫ —Ç–µ–º –∑–∞–≤–µ–¥–µ–Ω–∏—è–º, –æ –∫–æ—Ç–æ—Ä—ã—Ö –≤–æ—Å—Ö–∏—â–µ–Ω–Ω–æ —Ä–∞—Å—Å–∫–∞–∑—ã–≤–∞–µ—Ç —Å–≤–æ–∏–º —Ä–æ–¥–∏—Ç–µ–ª—è–º –ø–æ–±—ã–≤–∞–≤—à–∞—è –≤ –∞–∑–∏–∏ –º–æ–ª–æ–¥—ë–∂—å, —á–µ–º —Ç–µ –Ω–∞–ø–æ–º–∞–∂–µ–Ω–Ω—ã–µ, –ø–µ—Ä–µ–Ω–∞—à–ø–∏–≥–æ–≤–∞–Ω–Ω—ã–µ –º–∏–Ω–∏–º–∞–ª–∏—Å—Ç–∏—á–Ω–æ–π —Å—Ç–∏–ª–∏—Å—Ç–∏–∫–æ–π (–±–ª–∞–≥–æ–¥–∞—Ä—è –º–æ—Å–∫–æ–≤—Å–∫–æ–º—É –ø–µ—Ä–µ–ø—Ä–æ–∏–∑–≤–æ–¥—Å—Ç–≤—É –¥–∏–∑–∞–π–Ω–µ—Ä–æ–≤), –ø—Ä–æ—Å—Ç—Ä–∞–Ω—Å—Ç–≤–∞, –∫–æ—Ç–æ—Ä—ã–µ –ø—Ä–∏–Ω–∏–º–∞—é—Ç –∑–∞ –∏–¥–µ–∞–ª –º–æ—Å–∫–≤–∏—á–∏. –ü—Ä–æ—Ü–≤–µ—Ç–∞–Ω–∏—è —Ä–µ–±—è—Ç–∞–º. *–Ω–∏ –≤ –∫–æ–µ–º —Å–ª—É—á–∞–µ –Ω–µ –º–µ–Ω—è–π—Ç–µ –æ—á–∞—Ä–æ–≤–∞—Ç–µ–ª—å–Ω—É—é –æ—à–∏–±–∫—É –≤ –Ω–µ–æ–Ω–æ–≤–æ–º –∞–Ω–≥–ª–∏–π—Å–∫–æ–º –ø—Ä–∏–∑—ã–≤–µ –≤—ã–ø–∏—Ç—å –±–æ–±—ã, —á—Ç–æ –±—ã –Ω–µ –≥–æ–≤–æ—Ä–∏–ª–∏ —É–º–Ω–∏–∫–∏, - —ç—Ç–æ –ø—Ä–∏–∑–Ω–∞–∫ –∞—É—Ç–µ–Ω—Ç–∏—á–Ω–æ—Å—Ç–∏.",5.0
41,https://yandex.lv/maps/org/jinju_bubble_tea/155531159172/reviews,"–ó–∞–µ–∑–∂–∞–ª–∞ –ø–æ—á—Ç–∏ –∫–∞–∂–¥—É—é –Ω–µ–¥–µ–ª—é –∑–∞ –ª–∞—Ç—Ç–µ —Å —Ç–∞–ø–∏–æ–∫–æ–π. –°–æ —Å–º–µ–Ω–æ–π –ø–µ—Ä—Å–æ–Ω–∞–ª–∞ –∑–∞–≤–µ–¥–µ–Ω–∏–µ —è–≤–Ω–æ –∏—Å–ø–æ—Ä—Ç–∏–ª–æ—Å—å, –æ–±—Å–ª—É–∂–∏–≤–∞–Ω–∏–µ –æ—Ç–≤—Ä–∞—Ç–∏—Ç–µ–ª—å–Ω–æ–µ, –∫–∞—á–µ—Å—Ç–≤–æ –Ω–∞–ø–∏—Ç–∫–æ–≤ –æ—Å—Ç–∞–≤–ª—è–µ—Ç –∂–µ–ª–∞—Ç—å –ª—É—á—à–µ–≥–æ. –°–µ–≥–æ–¥–Ω—è—à–Ω–∏–π –Ω–∞–ø–∏—Ç–æ–∫ –ø—Ä–∏—à–ª–æ—Å—å –≤—ã–±—Ä–æ—Å–∏—Ç—å: —Ç–∞–ø–∏–æ–∫–∞ –≤–æ–æ–±—â–µ –Ω–µ –∏–º–µ–ª–∞ —Ç–µ–∫—Å—Ç—É—Ä—É –∂–µ–ª–µ –∏ —Ä–∞–∑–≤–∞–ª–∏–≤–∞–ª–∞—Å—å –≤–æ —Ä—Ç—É, –≤–∫—É—Å —Ç–æ–∂–µ –±—ã–ª —Ö—É–∂–µ, —á–µ–º –æ–±—ã—á–Ω–æ. 
–ù–∞–¥–µ—é—Å—å, —Ö–æ—Ç—å –Ω–∞ –ø—Ä–æ—Å–ø–µ–∫—Ç–µ –ú–∏—Ä–∞ –æ—Å—Ç–∞–ª—Å—è —Å—Ç–∞—Ä—ã–π –ø–µ—Ä—Å–æ–Ω–∞–ª, –∏–Ω–∞—á–µ –ø—Ä–∏–¥–µ—Ç—Å—è –ø–æ–ø—Ä–æ—â–∞—Ç—å—Å—è —Å Jinju",1.0
42,https://yandex.lv/maps/org/jinju_bubble_tea/155531159172/reviews,"–Ø –æ—á–µ–Ω—å –Ω–µ–¥–æ–≤–æ–ª—å–Ω–∞. –ó–∞–±–µ–∂–∞–ª–∞ –≤–∑—è—Ç—å –∫–æ—Ñ–µ —Å —Å–æ–±–æ–π. –ó–∞–∫–∞–∑–∞–ª–∞ –∞–π—Å –ª–∞—Ç—Ç–µ.
–ß–µ—Ç–≤–µ—Ä–æ —Å–æ—Ç—Ä—É–¥–Ω–∏–∫–æ–≤ —Å–æ–≤–µ—Ä—à–µ–Ω–Ω–æ –Ω–µ–ø—Ä–∏–≤–µ—Ç–ª–∏–≤—ã–µ, —Å–∏–¥–µ–ª–∏ —Å–æ —Å–∫—É—á–∞—é—â–∏–º –≤–∏–¥–æ–º –∏ —Å–æ–≤—Å–µ–º –Ω–µ —Å—Ä–∞–∑—É –Ω–∞—á–∞–ª–∏ –≤—ã–ø–æ–ª–Ω—è—Ç—å –∑–∞–∫–∞–∑. 
–í –∏—Ç–æ–≥–µ –Ω–∞—á–∞–ª–∏ –≥–æ—Ç–æ–≤–∏—Ç—å. –ü—Ä–∏—á–µ–º –æ—á–µ–Ω—å –º–µ–¥–ª–µ–Ω–Ω–æ, —Ö–∏—Ö–∏–∫–∞–ª–∏ –∏ –±–æ–ª—Ç–∞–ª–∏ –¥—Ä—É–≥ —Å –¥—Ä—É–≥–æ–º. –Ø –∂–¥–∞–ª–∞ –∫–æ—Ñ–µ 8 –º–∏–Ω—É—Ç, –±—É–¥—É—á–∏ –µ–¥–∏–Ω—Å—Ç–≤–µ–Ω–Ω—ã–º –ø–æ—Å–µ—Ç–∏—Ç–µ–ª–µ–º. 
–ò —Å–∞–º–æ–µ –æ–±–∏–¥–Ω–æ–µ, —á—Ç–æ –ê–π—Å –ª–∞—Ç—Ç–µ –±—ã–ª –¢–ï–ü–õ–´–ú!
–î–µ–Ω—å–≥–∏ –∏ –≤—Ä–µ–º—è –Ω–∞ –≤–µ—Ç–µ—Ä",1.0
43,https://yandex.lv/maps/org/jinju_bubble_tea/155531159172/reviews,"–°–ª—É—á–∞–π–Ω–æ –∑–∞—à–ª–∞ –≤ —ç—Ç–æ –º–µ—Å—Ç–æ –∏ –ø–æ–ø—Ä–æ–±–æ–≤–∞–ª–∞ —Å–∞–º—ã–π –≤–∫—É—Å–Ω—ã–π —á–∞–π –≤ –∂–∏–∑–Ω–∏: —Ö–æ–ª–æ–¥–Ω—ã—Ö –∂–∞—Å–º–∏–Ω–æ–≤—ã–π —Å –º–æ–ª–æ–∫–æ–º. 
–ú–∏–Ω—É—Å –æ–¥–∏–Ω - –Ω–µ —É–±—Ä–∞–Ω–Ω–∞—è –≤–µ—Ä–∞–Ω–¥–∞ –∏ –∑–∞–ª: —Ä–∞–∑–±—Ä–æ—Å–∞–Ω—ã —Å–º—è—Ç—ã–µ —Å–∞–ª—Ñ–µ—Ç–∫–∏ –∏ —Ä–∞–∑–≤–æ–¥—ã –Ω–∞ —Å—Ç–æ–ª–∞—Ö. –ù–∞–¥–µ—é—Å—å, –Ω–∞ –∫—É—Ö–Ω–µ –±–æ–ª—å—à–∏–π –ø–æ—Ä—è–¥–æ–∫.",4.0
44,https://yandex.lv/maps/org/jinju_bubble_tea/155531159172/reviews,"–æ—á–µ–Ω—å –≤–∫—É—Å–Ω—ã–π —á–∞–π, —Å–∞–º–∞—è –≤–∫—É—Å–Ω–∞—è —Ç–∞–ø–∏–æ–∫–∞!!!
–±–∞—Ä–∏—Å—Ç–∞ —Ä–∏–Ω–∞ —Å–∞–º–∞—è –∫–ª–∞—Å—Å–Ω–∞—è üòã",5.0
45,https://yandex.lv/maps/org/jinju_bubble_tea/155531159172/reviews,"–í–∫—É—Å–Ω–æ, –Ω–æ –Ω–µ —Å–∫–∞–∂—É, —á—Ç–æ –ø—Ä—è–º –Ω–µ–æ–±—ã—á–Ω–æ. –û—Ç –±–æ–ª—å—à–æ–≥–æ –≤—ã–±–æ—Ä–∞ —Ä–∞–∑–±–µ–≥–∞—é—Ç—Å—è –≥–ª–∞–∑–∞.",5.0
46,https://yandex.lv/maps/org/jinju_bubble_tea/155531159172/reviews,–ë–æ–ª—å—à–æ–π –≤—ã–±–æ—Ä –æ—á–µ–Ω—å –≤–∫—É—Å–Ω–æ–≥–æ –±–∞–±–ª —Ç–∏. –õ–µ—Ç–æ–º –Ω–∞ —É–ª–∏—Ü–µ —Å—Ç–æ—è—Ç —É—é—Ç–Ω—ã–µ —Å—Ç–æ–ª–∏–∫–∏.,5.0
47,https://yandex.lv/maps/org/jinju_bubble_tea/155531159172/reviews,"–≠—Ç–æ —Ö—É–¥—à–∏–π –±–∞–±–ª —Ç–∏, –∫–æ—Ç–æ—Ä—ã–π –º—ã –ø—Ä–æ–±–æ–≤–∞–ª–∏. –¢–∞–ø–∏–æ–∫–∞ —Ä–∞–∑–≤–∞—Ä–µ–Ω–∞ –¥–æ —Å–æ—Å—Ç–æ—è–Ω–∏—è –∂–µ–ª–µ, –≤ –º–æ–ª–æ–∫–µ —Å–≤–µ—Ä–Ω—É–≤—à–∏–µ—Å—è –∫–æ–º–∫–∏. 
–î–µ–≤—É—à–∫–∞ –∑–∞ –∫–∞—Å—Å–æ–π –∑–∞–±—ã–ª–∞ , —á—Ç–æ –º—ã –∑–∞–∫–∞–∑–∞–ª–∏ –Ω–µ—Å–∫–æ–ª—å–∫–æ –Ω–∞–ø–∏—Ç–∫–æ–≤. –ñ–¥–∞–ª–∏ –¥–æ–ª–≥–æ –∏ –ø–æ–ª—É—á–∏–ª–∏ –Ω–µ–≤–∫—É—Å–Ω—ã–π –Ω–∞–ø–∏—Ç–æ–∫ –∏ —É–∂–∞—Å–Ω—ã–π —Å–µ—Ä–≤–∏—Å. –í –∫–∞—Ñ–µ –≥—Ä—è–∑–Ω—ã–π –ø–æ–ª –∏ —Å–ª–æ–º–∞–Ω–Ω—ã–µ –∫—Ä–µ—Å–ª–∞. –ü—Ä–æ—Å—Ç–æ –∂–∞–ª—å –ø–æ—Ç—Ä–∞—á–µ–Ω–Ω—ã—Ö –¥–µ–Ω–µ–≥ –∏ –∏—Å–ø–æ—Ä—á–µ–Ω–Ω–æ–≥–æ –Ω–∞—Å—Ç—Ä–æ–µ–Ω–∏—è, –Ω–∞–ø–∏—Ç–∫–∏ –≤—ã–∫–∏–Ω—É–ª–∏ –ø–æ—á—Ç–∏ –ø–æ–ª–Ω—ã–º–∏.",1.0
48,https://yandex.lv/maps/org/jinju_bubble_tea/155531159172/reviews,"–í–∫—É—Å–Ω—ã–π –±–∞–±–ª-—Ç–∏ —Å –∫–∞—Ä–∞–º–µ–ª—å–Ω–æ–π —Ç–∞–ø–∏–æ–∫–æ–π! –¢–∞–∫–∂–µ –µ—Å—Ç—å –ø–æ–ø—É–ª—è—Ä–Ω–∞—è –ª–∞–ø—à–∞, –¥–µ—à–µ–≤–ª–µ, —á–µ–º –≤ –Ω–µ–∫–æ—Ç–æ—Ä—ã—Ö –º–µ—Å—Ç–∞—Ö. –û–±—Å–ª—É–∂–∏–≤–∞–Ω–∏–µ –¥–æ—Å—Ç–∞—Ç–æ—á–Ω–æ –±—ã—Å—Ç—Ä–æ–π, —Ç—Ä–∏ –Ω–∞–ø–∏—Ç–∫–∞ –∂–¥–∞–ª–∏ –º–∏–Ω—É—Ç 7-10.",5.0
49,https://yandex.lv/maps/org/jinju_bubble_tea/155531159172/reviews,"–ë–∞–±–ª —Ç–∏ —Å–≤–æ–∏—Ö –¥–µ–Ω–µ–≥ —Å—Ç–æ–∏—Ç. –ß–∞—è –Ω–µ —á—É–≤—Å—Ç–≤—É–µ—Ç—Å—è, –ø–µ—Ä–µ–±–∏–≤–∞–µ—Ç—Å—è —Ö–∏–º–æ–∑–Ω—ã–º —Å–∏—Ä–æ–ø–æ–º. –°–ø—Ä–æ—Å–∏–ª–∞, –≤ –∫–∞–∫–∏–µ —Ñ—Ä—É–∫—Ç–æ–≤—ã–µ —á–∞–∏ –∫–ª–∞–¥—ë—Ç—Å—è —Ñ—Ä—É–∫—Ç—ã, –ø–æ–ª—É—á–∏–ª–∞ –æ—Ç–≤–µ—Ç, —á—Ç–æ —Ç–æ–ª—å–∫–æ –≤ –∫–ª—É–±–Ω–∏—á–Ω–æ-–º–∞—Ä–∞–∫—É—é. –ò —Ç–æ! –ü–æ —Ñ–∞–∫—Ç—É –±—ã–ª–æ –¥–≤–∞ –º–∞–ª–µ–Ω—å–∫–∏—Ö –∫—É—Å–æ—á–∫–∞ –∫–ª—É–±–Ω–∏–∫–∏ –∏ –∫–æ—Å—Ç–∏ –º–∞—Ä–∞–∫—É–∏.....–¥–æ–±–∞–≤–æ–∫ –∫ —ç—Ç–æ–º—É —Ç–æ–ø–∏–∫—É/–∂–µ–ª–µ/–±–æ–≥—É –Ω–∞–¥–æ –¥–æ–±–∞–≤–ª—è—Ç—å –∑–∞ –¥–æ–ø —Ü–µ–Ω—É. –¢–æ –µ—Å—Ç—å 500 —Å —á–µ–º-—Ç–æ —Ä—É–±–ª–µ–π –æ—Ç–¥–∞—ë—à—å –ø—Ä–æ—Å—Ç–æ –∑–∞ —Å–∏—Ä–æ–ø–æ–º —Ö–∏–º–æ–∑–Ω—ã–π , –≤–æ–¥—É –∏ —á–∞–π.",1.0
0,https://yandex.lv/maps/org/jinju_bubble_tea/135145667535/reviews,"–ü–æ—Å–µ—Ç–∏–ª–∞ –¥–∞–Ω–Ω–æ–µ –∑–∞–≤–µ–¥–µ–Ω–∏–µ –≤ –ø–µ—Ä–≤—ã–π —Ä–∞–∑ –∏ –±—ã–ª–∞ –ø—Ä–∏—è—Ç–Ω–æ —É–¥–∏–≤–ª–µ–Ω–∞ –∫–∞—á–µ—Å—Ç–≤–æ–º –Ω–∞–ø–∏—Ç–∫–∞ –∏ –æ–±—Å–ª—É–∂–∏–≤–∞–Ω–∏–µ–º: —Ä–∞–∑–Ω–æ–æ–±—Ä–∞–∑–Ω–æ–µ –º–µ–Ω—é, –∫–∞—Å—Å–∏—Ä –ø–æ–º–æ–≥–ª–∞ —Å–æ—Ä–∏–µ–Ω—Ç–∏—Ä–æ–≤–∞—Ç—å—Å—è, —Å–¥–µ–ª–∞–ª–∏ –±—ã—Å—Ç—Ä–æ –∏ –≤–∫—É—Å–Ω–æ. –û–±—è–∑–∞—Ç–µ–ª—å–Ω–æ –≤–µ—Ä–Ω—É—Å—å —Å—é–¥–∞ –µ—â–µ —Ä–∞–∑, –ø–æ–ø—Ä–æ–±—É—é –¥—Ä—É–≥–∏–µ –Ω–∞–ø–∏—Ç–∫–∏",5.0
1,https://yandex.lv/maps/org/jinju_bubble_tea/135145667535/reviews,"–ú–∏–ª–æ–µ –∑–∞–≤–µ–¥–µ–Ω–∏–µ, –º–µ—Å—Ç–æ–ø–æ–ª–æ–∂–µ–Ω–∏–µ —Å—É–ø–µ—Ä
–•–æ—Ä–æ—à–∏–π –ø–µ—Ä—Å–æ–Ω–∞–ª, –Ω–∞–ø–∏—Ç–æ–∫ –≥–æ—Ç–æ–≤–∏—Ç—Å—è –±—ã—Å—Ç—Ä–æ (–æ–∫–æ–ª–æ 7 –º–∏–Ω—É—Ç)
4 –∑–∞ –º–µ–Ω—é, –Ω–µ—Å–º–æ—Ç—Ä—è –Ω–∞ —Ö–æ—Ä–æ—à–∏–π –º–∏–Ω–∏-–±–∞—Ä —Å–æ —Å–Ω–µ–∫–∞–º–∏, —Å–∞–º–∏ –Ω–∞–ø–∏—Ç–∫–∏ –º–æ–≥–ª–∏ –±—ã –±—ã—Ç—å –ø–æ—Ä–∞–∑–Ω–æ–æ–±—Ä–∞–∑–Ω–µ–µ 
–¶–µ–Ω—ã —Å—Ä–µ–¥–Ω–∏–µ 
–ê —Ç–∞–∫ –º–µ—Å—Ç–æ —Ö–æ—Ä–æ—à–µ–µ, —Ä–µ–∫–æ–º–µ–Ω–¥—É—é",4.0
2,https://yandex.lv/maps/org/jinju_bubble_tea/135145667535/reviews,"–•–æ—Ä–æ—à–µ–µ –∏ –ø—Ä–∏—è—Ç–Ω–æ–µ –º–µ—Å—Ç–æ —Å –±–æ–ª—å—à–∏–º –≤—ã–±–æ—Ä–æ–º —á–∞—è, –∫–æ—Ñ–µ –∏ –±–æ–±—ã. –í –æ—Ç–ª–∏—á–∏–∏ –æ—Ç –æ—Å—Ç–∞–ª—å–Ω—ã—Ö –∑–∞–≤–µ–¥–µ–Ω–∏–π –≤ –∫–æ—Ç–æ—Ä—ã—Ö —è –±—ã–≤–∞–ª, –∑–¥–µ—Å—å –≤—Å–µ–≥–¥–∞ –º—è–≥–∫–∞—è —Ç–∞–ø–∏–æ–∫–∞ –∏ –∏–º–µ–Ω–Ω–æ —Ç–∞–∫—É—é —è –æ–±–æ–∂–∞—é) —Ö–æ—Ç—è –≤ –æ—Ç–ª–∏—á–∏–∏ –æ—Ç –∏—Ö –∂–µ –∑–∞–≤–µ–¥–µ–Ω–∏—è –Ω–∞ –ø—Ä–æ—Å–ø–µ–∫—Ç–µ –º–∏—Ä–∞, –∑–¥–µ—Å—å –∏–Ω–æ–≥–¥–∞ –ø–µ—Ä–µ–≤–∞—Ä–∏–≤–∞—é—Ç –∏ –æ–Ω–∞ —É–∂–µ —Å–æ–≤—Å–µ–º –ø–æ—á—Ç–∏ –Ω–µ –¥–µ—Ä–∂–∞—Ç —Ñ–æ—Ä–º—É. –ù–µ –∫–∞–∂–¥–æ–º—É —Ç–∞–∫–æ–µ –∑–∞–π–¥–µ—Ç.

–ö—Ä–æ–º–µ —Ç–æ–≥–æ, —Å–ø–∞—Å–∏–±–æ –ø–æ–Ω–∏–º–∞—é—â–∏–º —Ä–∞–±–æ—Ç–Ω–∏–∫–∞–º. –ú–æ—é –ø–æ–¥—Ä—É–≥—É –≤–Ω–µ–∑–∞–ø–Ω–æ —Ö–≤–∞—Ç–∏–ª–∞ –ø–∞–Ω–∏—á–µ—Å–∫–∞—è –∞—Ç–∞–∫–∞ –∏ —Ç–æ—Ç –ø–æ–±–µ—Å–ø–æ–∫–æ–∏–ª—Å—è, –ø—Ä–µ–¥–ª–æ–∂–∏–≤ –ø—Ä–∏–Ω–µ—Å—Ç–∏ –≤–æ–¥—ã. –ó–∞ —ç—Ç–æ –æ–ø—Ä–µ–¥–µ–ª–µ–Ω–Ω–æ —Å–ø–∞—Å–∏–±–æ.",5.0
3,https://yandex.lv/maps/org/jinju_bubble_tea/135145667535/reviews,–ö—Ä–∞—Å–∏–≤–æ. –£—é—Ç–Ω–æ. –ö—Ä–∞—Å–∏–≤—ã–µ –æ—Ñ–∏—Ü–∏–∞–Ω—Ç—ã. –ù–µ–Ω–∞–≤—è–∑—á–∏–≤–æ –Ω–æ –æ—á–µ–Ω—å –ø—Ä–∏—è—Ç–Ω–æ –æ–±—Å–ª—É–∂–∏–≤–∞—é—Ç. –û—Å–æ–±–µ–Ω–Ω–æ —Å –±–æ—Ä–æ–¥–æ–π –∏ –≥–æ–ª—É–±—ã–º–∏ –≥–ª–∞–∑–∞–º–∏. –í—Å–µ —Å—É–ø–µ—Ä. –ò –≤–∏–¥—ã —Å —Ç–µ—Ä—Ä–∞—Å—ã —Ç–æ–∂–µ!,5.0
4,https://yandex.lv/maps/org/jinju_bubble_tea/135145667535/reviews,"–ö–ª–∞—Å—Å–Ω–æ–µ –º–µ—Å—Ç–æ! –†–µ–±—è—Ç–∞ —Å–∞–º–∏ –¥–µ–ª–∞—é—Ç —Ç–∞–ø–∏–æ–∫—É, –ø—Ä–∏—á—ë–º –æ—á–µ–Ω—å –≤–∫—É—Å–Ω—É—é. –ë—Ä–∞–ª–∞ —Ç–∞—Ä–æ —Å –∫–∞—Ä–∞–º–µ–ª—å–Ω–æ–π —Ç–∞–ø–∏–æ–∫–æ–π, –ø—Ä—è–º –Ω–µ –ø—Ä–∏–¥—Ä–∞—Ç—å—Å—è. –í–Ω—É—Ç—Ä–∏ –º–µ—Å—Ç–∞ –Ω–µ —Ç–∞–∫ –º–Ω–æ–≥–æ, –Ω–æ –æ—á–µ–Ω—å —É—é—Ç–Ω–æ)",5.0
5,https://yandex.lv/maps/org/jinju_bubble_tea/135145667535/reviews,"–ü—Ä–∏—è—Ç–Ω—ã–π –ø–µ—Ä—Å–æ–Ω–∞–ª, –∫–æ—Ç–æ—Ä—ã–π –ø–æ–º–æ–≥ –æ–ø—Ä–µ–¥–µ–ª–∏—Ç—å—Å—è —Å –≤—ã–±–æ—Ä–æ–º –Ω–∞–ø–∏—Ç–∫–æ–≤, –ø—Ä–∏—è—Ç–Ω–æ–µ –∫—Ä–∞—Å–∏–≤–æ–µ –æ—Ñ–æ—Ä–º–ª–µ–Ω–∏–µ –∏ –æ—Å–≤–µ—â–µ–Ω–∏–µ. –û—á–µ–Ω—å –ø–æ–Ω—Ä–∞–≤–∏–ª–∞—Å—å –º—É–∑—ã–∫–∞\—Ä–∞–¥–∏–æ. –ù–∞–ø–∏—Ç–∫–∏ —Ç–æ–∂–µ –æ—á–µ–Ω—å –≤–∫—É—Å–Ω—ã–µ",5.0
6,https://yandex.lv/maps/org/jinju_bubble_tea/135145667535/reviews,"–ö—Ä–∞—Å–∏–≤—ã–π –¥–∏–∑–∞–π–Ω –∏ –Ω–µ–ø–ª–æ—Ö–∏–µ –Ω–∞–ø–∏—Ç–∫–∏, –Ω–æ –≥—Ä—è–∑–Ω—ã–π –∑–∞–ª –∏ –Ω–µ–ø—Ä–∏—è—Ç–Ω—ã–π –ø–µ—Ä—Å–æ–Ω–∞–ª.
–ó–∞—à–ª–∏ —Å –ø–æ–¥—Ä—É–≥–æ–π –≤—ã–ø–∏—Ç—å —á–µ–≥–æ-—Ç–æ –≥–æ—Ä—è—á–µ–≥–æ –∏ —Å–∫—É—à–∞—Ç—å –ø–æ –¥–µ—Å–µ—Ä—Ç—É. –í –∏—Ç–æ–≥–µ, –∂–¥–∞–ª–∏ –ø–æ—á—Ç–∏ –ø–æ–ª —á–∞—Å–∞, –ø—Ä–∏ —Ç–æ–º, —á—Ç–æ –ª—é–¥–µ–π –ø–æ—á—Ç–∏ –Ω–µ –±—ã–ª–æ. –°–≤–µ—Ç–ª—ã–π –∏–Ω—Ç–µ—Ä—å–µ—Ä –∫–æ—Ñ–µ–π–Ω–∏ –æ—á–µ–Ω—å –ø–æ—Ä—Ç—è—Ç –º–Ω–æ–∂–µ—Å—Ç–≤–µ–Ω–Ω—ã–µ —Å–ª–µ–¥—ã –∏ –ø—ã–ª—å. –¢–∞–∫–∂–µ —Ö–æ—á—É –æ—Ç–º–µ—Ç–∏—Ç—å –≥—Ä–æ–º–∫—É—é –º—É–∑—ã–∫—É. –Ø –ø–æ–Ω–∏–º–∞—é, —á—Ç–æ –≤ –ø–æ–¥–æ–±–Ω—ã—ä –º–µ—Å—Ç–∞—Ö –≤—Å–µ–≥–¥–∞ –∏–≥—Ä–∞–µ—Ç –∫–∞–∫–∞—è-—Ç–æ –º—É–∑—ã–∫–∞ –Ω–∞ —Ñ–æ–Ω–µ, –Ω–æ –Ω–µ —Ç–∞–∫ –∂–µ –≥—Ä–æ–º–∫–æ, –∫–∞–∫ –≤ –∫–ª—É–±–µ",2.0
7,https://yandex.lv/maps/org/jinju_bubble_tea/135145667535/reviews,"–æ—á–µ–Ω—å –∞—Ç–º–æ—Å—Ñ–µ—Ä–Ω–æ–µ –º–µ—Å—Ç–æ, –∫—Ä–∞—Å–∏–≤–æ –æ—Ñ–æ—Ä–º–ª–µ–Ω–æ, –æ—á–µ–Ω—å –≤–∫—É—Å–Ω–æ, —Ä–µ–∫–æ–º–µ–Ω–¥—É—é, –º–Ω–µ –ø–æ–Ω—Ä–∞–≤–∏–ª–æ—Å—å, –µ—Å—Ç—å –≤—ã–±–æ—Ä –≤—Å—è–∫–∏—Ö –≤–∫—É—Å–Ω—è—à–µ–∫ –±–∞–±–ª —Ç–∏ –æ—á–µ–Ω—å –≤–∫—É—Å–Ω—ã–π, —Å–ø–∞—Å–∏–±–æ",5.0
8,https://yandex.lv/maps/org/jinju_bubble_tea/135145667535/reviews,"–ö–∞—Ñ–µ Jiniu –ø—Ä–æ—Å—Ç–æ —É–¥–∏–≤–∏—Ç–µ–ª—å–Ω–æ–µ –º–µ—Å—Ç–æ!
–ù–µ–≤–µ—Ä–æ—è—Ç–Ω–æ —É—é—Ç–Ω–∞—è –∞—Ç–º–æ—Å—Ñ–µ—Ä–∞, –ø—Ä–µ–∫—Ä–∞—Å–Ω—ã–π –∏–Ω—Ç–µ—Ä—å–µ—Ä –∏, –∫–æ–Ω–µ—á–Ω–æ –∂–µ, –≤–æ—Å—Ö–∏—Ç–∏—Ç–µ–ª—å–Ω—ã–π –±–∞–±–ª —Ç–∏. –Ø –±—ã–ª–∞ –ø–æ—Ä–∞–∂–µ–Ω–∞ –≤–∫—É—Å–∞–º–∏ –Ω–∞–ø–∏—Ç–∫–æ–≤ üíî. –û—á–µ–Ω—å —Å–æ–≤–µ—Ç—É—é –ø–æ–ø—Ä–æ–±–æ–≤–∞—Ç—å —Ç–∞—Ä–æ –±–∞–±–ª —Ç–∏ –∏ –º–∞—Ç—á—É .–û–±—Å–ª—É–∂–∏–≤–∞–Ω–∏–µ —Ç–∞–∫–∂–µ –Ω–∞ –≤—ã—Å—à–µ–º —É—Ä–æ–≤–Ω–µ, –ø–µ—Ä—Å–æ–Ω–∞–ª –±—ã–ª –æ—á–µ–Ω—å –¥—Ä—É–∂–µ–ª—é–± –∏ –ø—Ä–∏–≤–µ—Ç–ª–∏–≤. –Ø –æ–±—è–∑–∞—Ç–µ–ª—å–Ω–æ –≤–µ—Ä–Ω—É—Å—å —Å—é–¥–∞ —Å–Ω–æ–≤–∞, —á—Ç–æ–±—ã –Ω–∞—Å–ª–∞–¥–∏—Ç—å—Å—è —ç—Ç–∏–º –∑–∞–º–µ—á–∞—Ç–µ–ª—å–Ω—ã–º –Ω–∞–ø–∏—Ç–∫–æ–º –∏ –∞—Ç–º–æ—Å—Ñ–µ—Ä–æ–π –∫–∞—Ñ–µ jinju ü§ç",5.0
9,https://yandex.lv/maps/org/jinju_bubble_tea/135145667535/reviews,"–û—á–µ–Ω—å –ø—Ä–∏—è—Ç–Ω–æ–µ –º–µ—Å—Ç–æ! –†–µ—à–∏–ª–∞ –∑–∞–≥–ª—è–Ω—É—Ç—å, –ø—Ä–æ—Ö–æ–¥—è –º–∏–º–æ –∏ –æ—Å—Ç–∞–ª–∞—Å—å –≤ –≤–æ—Å—Ç–æ—Ä–≥–µ. –í—ã–±–æ—Ä –Ω–∞ –ª—é–±–æ–µ –Ω–∞—Å—Ç—Ä–æ–µ–Ω–∏–µ, –ø–æ–º–æ–≥–ª–∏ –æ–ø—Ä–µ–¥–µ–ª–∏—Ç—å—Å—è —Å –Ω–∞–ø–∏—Ç–∫–æ–º –∏ —Å–¥–µ–ª–∞–ª–∏ –±–µ–∑—É–ø—Ä–µ—á–Ω–æ –≤–∫—É—Å–Ω–æ! –ü—Ä–µ–∫—Ä–∞—Å–Ω–æ –≤—Å–µ : –æ—Ç –¥—Ä—É–∂–µ–ª—é–±–Ω–æ–π –∞—Ç–º–æ—Å—Ñ–µ—Ä—ã –∏ —Å–æ—Ç—Ä—É–¥–Ω–∏–∫–æ–≤ –¥–æ –∫–∞—á–µ—Å—Ç–≤–∞ –Ω–∞–ø–∏—Ç–∫–æ–≤. –°–ø–∞—Å–∏–±–æ –∑–∞ –Ω–∞—Å—Ç—Ä–æ–µ–Ω–∏–µ! 
–û–±—è–∑–∞—Ç–µ–ª—å–Ω–æ –≤–µ—Ä–Ω—É—Å—å ‚ù§Ô∏è‚Äçüî•",5.0
10,https://yandex.lv/maps/org/jinju_bubble_tea/135145667535/reviews,"–û–¥–Ω–∞ –∏–∑ –ª—É—á—à–∏—Ö —Ç–∞–ø–∏–æ–∫ –∫–æ—Ç–æ—Ä—ã–µ –µ—Å—Ç—å –≤ –º—Å–∫. –ù–æ —Å–∏–ª—å–Ω–æ –∏—Å–ø–æ—Ä—Ç–∏–ª–æ –≤–ø–µ—á–∞—Ç–ª–µ–Ω–∏–µ –Ω–∞–ø–∏—Ç–æ–∫ ""—è–∏—á–Ω—ã–π –ø—É–¥–∏–Ω–≥ —Å —Ç–∞–ø–∏–æ–∫–æ–π) –≤–∑—è–ª–∞ –±–æ–ª—å—à–æ–π –∑–∞ 600. –ê –≤ –∫–æ–Ω–µ—á–Ω–æ–º –∏—Ç–æ–≥–µ —ç—Ç–æ –ø—Ä–æ—Å—Ç–æ —Ç–∞–ø–∏–æ–∫–∞ —Å —Ö–æ–ª–æ–¥–Ω—ã–º –º–æ–ª–æ–∫–æ–º( –ª–∏–±–æ –º–∞–ª–æ –ø—É–¥–∏–Ω–≥–∞ –ø–æ–¥–æ–ª–∂–∏–ª–∏, –ª–∏–±–æ —Ä–∞—Å—Ç–≤–æ—Ä–∏–ª—Å—è –ø—É–¥–∏–Ω–≥, –Ω–æ –º—ã –ø–∏–ª–∏ –ø–æ–∫–∞ —à–ª–∏(( –∏ –≤ –∫–æ–Ω–µ—á–Ω–æ–º –∏—Ç–æ–≥–µ –Ω–∞—Å—Ç—Ä–æ–µ–Ω–∏–µ –±—ã–ª–æ —Å–∏–ª—å–Ω–æ –∏—Å–ø–æ—Ä—á–µ–Ω–æ. –ü–æ–ø–∞–¥–∞–µ—Ç—Å—è —Å–æ–≤—Å–µ–º —á—É—Ç—å —á—É—Ç—å. –ú–æ–∏ –¥—Ä—É–∑—å—è, –∫—Ç–æ –ø–æ–ø—Ä–æ–±–≤–∞–ª —Ç–æ–∂–µ –±—ã–ª–∏ —É–¥–∏–≤–ª–µ–Ω—ã(

–ù–∞–¥–µ—é—Å—å –≤—ã –ø–æ–ø—Ä–∞–≤–∏—Ç–µ –¥–∞–Ω–Ω—É—é –ø–æ–∑–∏—Ü–∏—é(",3.0
11,https://yandex.lv/maps/org/jinju_bubble_tea/135145667535/reviews,"–ú–µ—Å—Ç–æ –±–µ–∑—É–º–Ω–æ –∫–ª–∞—Å—Å–Ω–æ–µ. –£–∑–Ω–∞–ª–∞ –æ –Ω—ë–º 1-2 –≥–æ–¥–∞ –Ω–∞–∑–∞–¥ –±–ª–∞–≥–æ–¥–∞—Ä—è –ø–æ–¥—Ä—É–≥–∏. –ê—Ç–º–æ—Å—Ñ–µ—Ä–∞ —Å–∞–º–∞ –ø–æ —Å–µ–±–µ –∫–ª–∞—Å—Å–Ω–∞—è –∏ –∑–∞–º–µ—á–∞—Ç–µ–ª—å–Ω–∞—è,–æ—Å–æ–±–µ–Ω–Ω–æ –Ω—Ä–∞–≤–∏—Ç—Å—è —Ñ–æ–Ω—Ç–∞–Ω—á–∏–∫. –ù–∞–ø–∏—Ç–∫–∏ - —Å—É–ø–µ—Ä,–Ω–∞ –ª—é–±–æ–π –≤–∫—É—Å –∏ —Ü–≤–µ—Ç –∫–∞–∫ –≥–æ–≤–æ—Ä–∏—Ç—å—Å—è. –°–∞–º–æ–µ –∫–ª–∞—Å—Å–Ω–æ–µ —ç—Ç–æ —Ç–æ,—á—Ç–æ –µ—Å—Ç—å –¥–æ—Å—Ç–∞—Ç–æ—á–Ω–æ –±–æ–ª—å—à–æ–π –≤—ã–±–æ—Ä –∞–∑–∏–∞—Ç—Å–∫–æ–π –µ–¥—ã. –í –æ–±—â–µ–º - –º–µ—Å—Ç–æ –æ—Ç–ª–∏—á–Ω–æ–µ –∏ —Ä–µ–∫–æ–º–µ–Ω–¥—É—é —Å—Ö–æ–¥–∏—Ç—å —Ç–µ–º,–∫—Ç–æ —Ö–æ—á–µ—Ç –ø–æ–ø—Ä–æ–±–æ–≤–∞—Ç—å —á—Ç–æ-—Ç–æ –Ω–æ–≤–æ–µ.",5.0
12,https://yandex.lv/maps/org/jinju_bubble_tea/135145667535/reviews,"–ü–æ –≤–∫—É—Å—É –≤—Å–µ –Ω–µ–ø–ª–æ—Ö–æ, –Ω–æ –ø–µ—Ä—Å–æ–Ω–∞–ª –ø–æ—Ä—Ç–∏—Ç –≤—Å–µ –≤–ø–µ—á–∞—Ç–ª–µ–Ω–∏–µ –∏ –æ—Ç–±–∏–≤–∞–µ—Ç –≤—Å—è–∫–æ–µ –∂–µ–ª–∞–Ω–∏–µ –≤–æ–∑–≤—Ä–∞—â–∞—Ç—å—Å—è –∏ –ø–æ–ø—Ä–æ–±–æ–≤–∞—Ç—å –¥—Ä—É–≥–∏–µ –Ω–∞–ø–∏—Ç–∫–∏, –∫–æ—Ç–æ—Ä—ã—Ö, –∫—Å—Ç–∞—Ç–∏, –¥–æ—Å—Ç–∞—Ç–æ—á–Ω–æ –º–Ω–æ–≥–æ –≤ –º–µ–Ω—é. 
–î–µ–≤—É—à–∫–∞ –∑–∞ –∫–∞—Å—Å–æ–π –Ω–µ –º–æ–≥–ª–∞ –æ—Ç–≤–µ—Ç–∏—Ç—å –Ω–∏ –Ω–∞ –æ–¥–∏–Ω –≤–æ–ø—Ä–æ—Å, –≥–æ–≤–æ—Ä–∏–ª–∞ –æ—á–µ–Ω—å —Ç–∏—Ö–æ, —Å–µ–±–µ –ø–æ–¥ –Ω–æ—Å, –ø–µ—Ä–µ–ø—É—Ç–∞–ª–∞ —Ä–∞–∑–º–µ—Ä –º–æ–µ–≥–æ –∑–∞–∫–∞–∑–∞ (—è –∑–∞–ø–ª–∞—Ç–∏–ª–∞ –∑–∞ L, –º–Ω–µ —Å–¥–µ–ª–∞–ª–∏ –ú), –ø–µ—Ä–µ–¥–æ –º–Ω–æ–π –±—ã–ª–æ –ø–µ—Ä–µ–ø—É—Ç–∞–Ω–æ –µ—â–µ 2 –∑–∞–∫–∞–∑–∞. –Ø –Ω–µ —Å—Ç–∞–ª–∞ –∂–¥–∞—Ç—å –ø–µ—Ä–µ–¥–µ–ª–∫–∏ –∏ —É—à–ª–∞, —Ç–∞–∫ –∫–∞–∫ –∏—Ç–∞–∫ –ø—Ä–æ–≤–µ–ª–∞ –≤ —ç—Ç–æ–º –∑–∞–≤–µ–¥–µ–Ω–∏–∏ 20 –º–∏–Ω, —Ö–æ—Ç—è –ø–µ—Ä–µ–¥–æ –º–Ω–æ–π –±—ã–ª–æ –≤—Å–µ–≥–æ 2 —á–µ–ª–æ–≤–µ–∫–∞.

–í—Å–µ-—Ç–∞–∫–∏ –∫–∞–∫ –º–Ω–æ–≥–æ –∑–∞–≤–∏—Å–∏—Ç –æ—Ç –ø–µ—Ä—Å–æ–Ω–∞–ª–∞.",2.0
13,https://yandex.lv/maps/org/jinju_bubble_tea/135145667535/reviews,"–ù–µ–∂–Ω–∞—è –∏ –º—è–≥–∫–∞—è —Ç—è–≥—É—á–∞—è —Ç–∞–ø–∏–æ–∫–∞, –ø—Ä–∏—è—Ç–Ω–æ–µ –∫–∞—á–µ—Å—Ç–≤–æ —Å–∞–º–æ–≥–æ –Ω–∞–ø–∏—Ç–∫–∞. –°–¥–µ–ª–∞–ª–∏ –±—ã—Å—Ç—Ä–æ. –ù—Ä–∞–≤–∏—Ç—Å—è —Ñ–∏—Ä–º–µ–Ω–Ω—ã–π —Å—Ç–∞–∫–∞–Ω, —É–¥–æ–±–Ω—ã–π. –ë–ª–∞–≥–æ–¥–∞—Ä–Ω–æ—Å—Ç—å —Å–æ—Ç—Ä—É–¥–Ω–∏–∫–∞–º!",5.0
14,https://yandex.lv/maps/org/jinju_bubble_tea/135145667535/reviews,"–ù–∞–ø–∏—Ç–æ–∫ –æ—á–µ–Ω—å –≤–∫—É—Å–Ω—ã–π, –∑–∞–∫–∞–∑–∞–ª–∞ —Ö–æ–ª–æ–¥–Ω—ã–π —á–∞–π —Å —è–∏—á–Ω–æ–π –ø–µ–Ω–æ–π –∏ –∫–æ–∫–æ—Å–æ–≤–æ–π —Å—Ç—Ä—É–∂–∫–æ–π ‚Äî –±–æ–¥—Ä—è—â–∏–π, –Ω–µ –æ—á–µ–Ω—å —Å–ª–∞–¥–∫–∏–π, –ø—Ä–∏—è—Ç–Ω—ã–π, –≤—Å–µ–º —Å–æ–≤–µ—Ç—É—é! –ù–æ, –≤–æ—Ç, –ø–µ—Ä—Å–æ–Ω–∞–ª ‚Äî —ç—Ç–æ, –∫–æ–Ω–µ—á–Ω–æ, –æ—Ç–¥–µ–ª—å–Ω–∞—è –∏—Å—Ç–æ—Ä–∏—è)) –æ—á–µ–Ω—å –≤—è–ª—ã–µ, –Ω–µ–æ—Ö–æ—Ç–Ω–æ –∏–¥—É—Ç –Ω–∞ –∫–æ–º–º—É–Ω–∏–∫–∞—Ü–∏—é, —Ö–æ—Ç—è –∏—Ö —Ç–∞–º, –≤—Ä–æ–¥–µ, –∞–∂ 4 —á–µ–ª–æ–≤–µ–∫–∞! –î–∞–≤–Ω–æ —Ç–∞–∫–æ–≥–æ –≤ –∫–æ—Ñ–µ–π–Ω—è—Ö –Ω–µ –≤–∏–¥–µ–ª–∞ ‚Äî –¥–∞–∂–µ –Ω–µ–º–Ω–æ–≥–æ —É–¥–∏–≤–∏–ª–∞—Å—å",4.0
15,https://yandex.lv/maps/org/jinju_bubble_tea/135145667535/reviews,"–ò–∑ –ø–ª—é—Å–æ–≤, —ç—Ç–æ –æ–±—â–∏–π –∞–Ω—Ç—É—Ä–∞–∂ –∫–∞—Ñ–µ. –ù–∞ —ç—Ç–æ–º –≤—Å—ë

–ú–∏–Ω—É—Å—ã: –≥—Ä–æ–º–∫–∞—è –º—É–∑—ã–∫–∞, –ø–µ—Ä—Å–æ–Ω–∞–ª

–û—á–µ–Ω—å —á–∞—Å—Ç–æ –Ω–µ —Ä–∞–±–æ—Ç–∞—é—Ç —Ç–µ—Ä–º–∏–Ω–∞–ª —Å –æ–ø–ª–∞—Ç–æ–π. –ó–∞—Ö–æ–∂—É —Ç—Ä–µ—Ç–∏–π —Ä–∞–∑ (–≤ —Ç–µ—á–µ–Ω–∏–∏ –º–µ—Å—è—Ü–∞) –∏ –≤—Å–µ —ç—Ç–∏ —Ä–∞–∑—ã –ø—Ä–æ—Å—è—Ç –æ–ø–ª–∞—Ç–∏—Ç—å –ø–µ—Ä–µ–≤–æ–¥–æ–º –Ω–∞ –∫–∞—Ä—Ç—É. –ò –∫–∞–∂–¥—ã–π —Ä–∞–∑ –æ–± —ç—Ç–æ–º –≥–æ–≤–æ—Ä—è—Ç —Ç–æ–ª—å–∫–æ –ø–æ—Å–ª–µ –æ—Ñ–æ—Ä–º–ª–µ–Ω–∏—è –∑–∞–∫–∞–∑–∞, –∞ –Ω–µ –î–û!

–ú—ã –ø—Ä–∏—à–ª–∏ —Å –ø–æ–¥—Ä—É–≥–æ–π –ø–æ—Å–∏–¥–µ—Ç—å, –≤ –∫–∞—Ñ–µ –±—ã–ª–∏ –æ–¥–Ω–∏. –ù–∞ –Ω–∞—à—É –ø—Ä–æ—Å—å–±—É —Å–¥–µ–ª–∞—Ç—å –º—É–∑—ã–∫—É –ø–æ—Ç–∏—à–µ, —á—Ç–æ–±—ã –º—ã –º–æ–≥–ª–∏ –ø–æ–≥–æ–≤–æ—Ä–∏—Ç—å, —Å—Ç–∞—Ä—à–∏–π –ø–æ —ç—Ç–æ–π —Ç–æ—á–∫–µ —Å–¥–µ–ª–∞–ª –∑–∞–º–µ—á–∞–Ω–∏–µ –ù–ê–ú (–ø–æ—Å–µ—Ç–∏—Ç–µ–ª—è–º), —á—Ç–æ —ç—Ç–æ –∫–∞—Ñ–µ –∏ —Ç—É—Ç –ø—Ä–æ—Å—Ç–æ –æ–±—è–∑–∞–Ω–∞ –∏–≥—Ä–∞—Ç—å –º—É–∑—ã–∫–∞ –∫–∞–∫ –≤ –∫–ª—É–±–µ –Ω–∞ –¥–∏—Å–∫–æ—Ç–µ–∫–µ –∏ –¥–µ–º–æ–Ω—Å—Ç—Ä–∞—Ç–∏–≤–Ω–æ —Å–¥–µ–ª–∞–ª –µ–µ –µ—â—ë –≥—Ä–æ–º—á–µ. –í –∏—Ç–æ–≥–µ –Ω–æ—Ä–º–∞–ª—å–Ω–æ –ø–æ—Å–∏–¥–µ—Ç—å –Ω–µ –ø–æ–ª—É—á–∏–ª–æ—Å—å, –ø—Ä–æ—Å—Ç–æ –¥—É–º–∞–µ—à—å –∫–∞–∫ —Ç–∞–º –Ω–µ –æ–≥–ª–æ—Ö–Ω—É—Ç—å –∫–æ–≥–¥–∞ –≥–æ—Ç–æ–≤—è—Ç –Ω–∞–ø–∏—Ç–∫–∏. 

–í –æ–±—â–µ–º, —Å–µ–≥–æ–¥–Ω—è —Ä—É—Ö–Ω—É–ª–∞ –ø–æ—Å–ª–µ–¥–Ω—è—è –Ω–∞–¥–µ–∂–¥–∞ –æ–∂–∏–¥–∞—Ç—å –æ—Ç —ç—Ç–æ–≥–æ –º–µ—Å—Ç–∞ —á–µ–≥–æ-—Ç–æ —Ö–æ—Ä–æ—à–µ–≥–æ. –¢–∞–∫–∂–µ –æ—Ç–º–µ—á—É, —á—Ç–æ –≤ –∫–∞—Ñ–µ –æ—á–µ–Ω—å –ø—ã–ª—å–Ω–æ –∏ –≥—Ä—è–∑–Ω–æ. –ü–æ–ª–∫–∏ –ø–æ—Ö–æ–∂–µ –≤–æ–æ–±—â–µ –Ω–µ –ø—Ä–æ—Ç–∏—Ä–∞—é—Ç –∏ –Ω–∞ –≤—Å–µ—Ö –¥–µ–∫–æ—Ä–∞—Ü–∏—è—Ö —Å–∫–æ–ø–∏–ª—Å—è —Å–ª–æ–π –ø—ã–ª–∏, —Å–æ–æ—Ç–≤–µ—Ç—Å–≤–µ–Ω–Ω–æ –¥—ã—à–∞—Ç—å —ç—Ç–∏–º —Ç–æ–∂–µ –Ω–µ–ø—Ä–∏—è—Ç–Ω–æ",1.0
16,https://yandex.lv/maps/org/jinju_bubble_tea/135145667535/reviews,"–û—Ç–ª–∏—á–Ω–æ–µ –º–µ—Å—Ç–æ,–≤—Å–µ–º —Ä–µ–∫–æ–º–µ–Ω–¥—É—é,–±—ã–ª –Ω–µ—Å–∫–æ–ª—å–∫–æ —Ä–∞–∑ –∏ –≤—Å–µ–≥–¥–∞ –æ—á–µ–Ω—å –≤–∫—É—Å–Ω–æ,–ø–æ—Å–ª–µ —ç—Ç–æ–≥–æ –∫–∞—Ñ–µ –≤ –¥—Ä—É–≥–∏–µ –º–µ—Å—Ç–∞ –Ω–µ —Ö–æ—á–µ—Ç—Å—è. –ë—Ä–∞–ª –º–æ–∫–∫–æ —Å –∫–∞—Ä–∞–º–µ–ª—å–Ω–æ–π —Ç–∞–ø–∏–æ–∫–æ–π. –û—á–µ–Ω—å –ø–æ–Ω—Ä–∞–≤–∏–ª–æ—Å—å —ç—Ç–æ –º–µ—Å—Ç–æ,–¥–µ–π—Å—Ç–≤–∏—Ç–µ–ª—å–Ω–æ –≤–∫—É—Å–Ω—ã–µ –Ω–∞–ø–∏—Ç–∫–∏.",5.0
17,https://yandex.lv/maps/org/jinju_bubble_tea/135145667535/reviews,"–ù–µ–º–Ω–æ–≥–æ —Ä–∞—Å—Ç–µ—Ä—è–ª—Å—è –≤ –º–µ–Ω—é, –Ω–æ –¥—Ä—É–∂–µ–ª—é–±–Ω—ã–π —Å–æ—Ç—Ä—É–¥–Ω–∏–∫ –≤—Å–µ –¥–æ—Å—Ç—É–ø–Ω–æ –æ–±—ä—è—Å–Ω–∏–ª. 
–í –∏—Ç–æ–≥–µ —è –≤–∑—è–ª –∫—Ä–µ–º-–∫–µ–π–∫ –ª–∞—Ç—Ç–µ —Å —Ç–∞–ø–∏–æ–∫–æ–π. –ù–∏–∫–æ–≥–¥–∞ —Ç–∞–∫–æ–≥–æ –Ω–µ –ø—Ä–æ–±–æ–≤–∞–ª –∏ —Ä–µ—à–∏–ª —Ä–∏—Å–∫–Ω—É—Ç—å.
–ù–µ —Ö–≤–∞—Ç–∏—Ç —Å–ª–æ–≤ –≤—ã—Ä–∞–∑–∏—Ç—å –≤–æ—Å—Ç–æ—Ä–≥ –æ—Ç –≤–∫—É—Å–∞ –Ω–∞–ø–∏—Ç–∫–∞. –Ø –æ–±—è–∑–∞—Ç–µ–ª—å–Ω–æ –≤–µ—Ä–Ω—É—Å—å —á—Ç–æ–± –∏—Å–ø—ã—Ç–∞—Ç—å —ç—Ç–æ —É–¥–æ–≤–æ–ª—å—Å—Ç–≤–∏–µ —Å–Ω–æ–≤–∞
–¢–∞–ø–∏–æ–∫–∞ –ø—Ä–æ—Å—Ç–æ –±–æ–º–±–∏—á–µ—Å–∫–∞—è –Ω–∞ –≤–∫—É—Å

–°–Ω–∏–∂–∞—é –Ω–µ–º–Ω–æ–≥–æ –æ—Ü–µ–Ω–∫—É –∑–∞ –¥–æ–ª–≥–æ–µ –æ–∂–∏–¥–∞–Ω–∏–µ –∏ —Å–ª–æ–º–∞–Ω–Ω—ã–π —Å—Ç—É–ª –ø–æ—Å—Ä–µ–¥–∏ –∑–∞–ª–∞.",4.0
18,https://yandex.lv/maps/org/jinju_bubble_tea/135145667535/reviews,"–î–æ—Å—Ç–∞—Ç–æ—á–Ω–æ –º–∏–ª–æ–µ –∏ –ø—Ä–∏—è—Ç–Ω–æ–µ –∑–∞–≤–µ–¥–µ–Ω–∏–µ. –ù–∞–ø–∏—Ç–∫–∏ –Ω–∞ –≤–∫—É—Å –ø–æ–ª–Ω—ã–π —É–ª—ë—Ç, –∏–≥—Ä–∞–µ—Ç –ø—Ä–∏—è—Ç–Ω–∞—è –º—É–∑—ã–∫–∞, –ø–µ—Ä—Å–æ–Ω–∞–ª –¥–æ—Å—Ç–∞—Ç–æ—á–Ω–æ –≤–µ–∂–ª–∏–≤—ã–π, —Ä–µ–∫–æ–º–µ–Ω–¥—É—é!",5.0
19,https://yandex.lv/maps/org/jinju_bubble_tea/135145667535/reviews,"–£—é—Ç–Ω–æ–µ –∫–∞—Ñ–µ —Å —Ö–æ—Ä–æ—à–∏–º –≤—ã–±–æ—Ä–æ–º –Ω–∞–ø–∏—Ç–∫–æ–≤ –∏ –¥–µ—Å–µ—Ä—Ç–æ–≤ –∫ –Ω–∏–º. –ù–æ –ø–µ—Ä—Å–æ–Ω–∞–ª –Ω–µ —à–∏–ø–∫–æ —Ä–∞—Å—Ç–æ—Ä–æ–ø–Ω—ã–π. –î–ª—è –Ω–∞—à–µ–π –∫–æ–º–ø–∞–Ω–∏–∏ –∏–∑ 4 –¥–µ–≤—É—à–µ–∫ –∑–∞–∫–∞–∑–∞–Ω–Ω—ã–µ –Ω–∞–ø–∏—Ç–∫–∏ –≥–æ—Ç–æ–≤–∏–ª–∏—Å—å –æ—á–µ–Ω—å –º–µ–¥–ª–µ–Ω–Ω–æ‚Ä¶ –†–∞–∑–æ—á–∞—Ä–æ–≤–∞–ª –∫–æ—Ñ–µ. –°–æ—Ç—Ä—É–¥–Ω–∏–∫ –∫–∞—Ñ–µ –æ—Ç–≤–µ—Ç–∏–ª ¬´–∞ —É –Ω–∞—Å —Ç–∞–∫¬ª, –∫–æ–≥–¥–∞ —è —Å–ø—Ä–æ—Å–∏–ª–∞, –ø–æ—á–µ–º—É –∫–æ—Ñ–µ –†–∞—Ñ (–±–æ–ª—å—à–∞—è –ø–æ—Ä—Ü–∏—è) –æ–Ω–∏ –≥–æ—Ç–æ–≤—è—Ç –Ω–∞ –º–æ–ª–æ–∫–µ –∏ –ª–∏—à—å —Å –¥–æ–±–∞–≤–ª–µ–Ω–∏–µ–º –∫–∞–ø–ª–∏ —Å–ª–∏–≤–æ–∫ (—Ç–æ–≥–¥–∞ –∫–∞–∫ –º–æ–ª–æ–∫–∞ —Ç–∞–º –Ω–µ –¥–æ–ª–∂–Ω–æ –±—ã—Ç—å –≤–æ–æ–±—â–µ‚Ä¶)?üôÑ –ù–∞–º–µ—Ä–µ–Ω–Ω–æ–µ —É–¥–µ—à–µ–≤–ª–µ–Ω–∏–µ —Å–µ–±–µ—Å—Ç–æ–∏–º–æ—Å—Ç–∏ –Ω–∞–ø–∏—Ç–∫–∞ –∏ –Ω–µ—Å–æ–æ—Ç–≤–µ—Ç—Å—Ç–≤–∏–µ –∑–∞—è–≤–ª–µ–Ω–Ω–æ–≥–æ –≤–∏–¥–∞ –∫–æ—Ñ–µ. –ö —Ç–æ–º—É –∂–µ –æ–Ω –±—ã–ª —á–µ—Ä–µ—Å—á—É—Ä —Å–ª–∞–¥–∫–∏–ºü•¥",3.0
20,https://yandex.lv/maps/org/jinju_bubble_tea/135145667535/reviews,"–°–æ–≥–ª–∞—à—É—Å—å —Å –Ω–µ–∫–æ—Ç–æ—Ä—ã–º–∏ –æ—Ç–∑—ã–≤–∞–º–∏: 
1. –í—ã–≤–µ—Å–∫–∞ –ø—Ä–∏—è—Ç–Ω–∞—è, –Ω–æ –∑–∞ –Ω–µ–π –∫—Ä–æ–µ—Ç—Å—è –≥—Ä—è–∑–Ω—ã–π –ø–æ–ª –∏ —É–∂–∞—Å–Ω—ã–π –∑–∞–ø–∞—Ö (–µ—Å–ª–∏ –Ω–µ—Ç –≤—ã—Ç—è–∂–∫–∏, —Ç–æ –ø–æ –¥–Ω–æ —Ö–æ—Ç—è –±—ã –ø—Ä–æ–≤–µ—Ç—Ä–∏–≤–∞—Ç—å). –ü—Ä–∏ —ç—Ç–æ–º –∞—Ä–æ–º–∞—Ç: —Å–º–µ—Å—å —Ç—É—à–µ–Ω–æ–π –∫–∞–ø—É—Å—Ç—ã —Å —á–µ–º—É-—Ç–æ.
2. –°–µ—Ä–≤–∏—Å –Ω–µ –æ—á–µ–Ω—å –ø—Ä–∏—è—Ç–Ω—ã–π: –∑–∞–∫–∞–∑ –ø—Ä–∏–Ω–∏–º–∞–µ—Ç –¥–µ–≤—É—à–∫–∞ —Å–æ –≤–∑–≥–ª—è–¥–æ–º –∏–∑-–ø–æ–¥ –ª–æ–±—å—è, —Å –∫–∞–∫–∏–º-—Ç–æ –≤—ã–∑–æ–≤–æ–º. 

–í–æ—â–≤—Ä–∞—â–∞—Ç—å—Å—è —Å—é–¥–∞ –Ω–µ –±—É–¥—É, –ª—É—á—à–µ –ø–æ–π—Ç–∏ –Ω–∞ —Ñ—É–¥-–∫–æ—Ä—Ç –ø–æ–±–ª–∏–∑–æ—Å—Ç–∏ –∏ –∫—É–ø–∏—Ç—å –±–∞–±–ª —Ç–∏ –∏–∑–≤–µ—Å—Ç–Ω–æ–π –º–∞—Ä–∫–∏ –≤ –∫–æ–º—Ñ–æ—Ä—Ç–Ω—ã—Ö —É—Å–ª–æ–≤–∏—è—Ö. 
2. –ù–µ –≤—ã–¥–∞—é—Ç –Ω–∏–∫–∞–∫–∏—Ö –ø–µ–π–¥–∂–µ—Ä–æ–≤, –∑–∞–∫–∞–∑ –æ–±—ä—è–≤–ª—è—é—Ç —Ç–∞–∫ —Ç–∏—Ö–æ, —á—Ç–æ –∫–æ–≥–¥–∞ –ø—Ä–∏ –º–Ω–µ –ø–æ—Å—Ç–∞–≤–∏–ª–∏ –ø–µ—Ä–≤—ã–π –≥–æ—Ç–æ–≤—ã–π —Å—Ç–∞–∫–∞–Ω, –Ω–∏–∫—Ç–æ –∏–∑ —Å–∏–¥—è—â–∏—Ö (–ø–æ–ª–Ω—ã–π –∑–∞–ª) –Ω–µ —Å—Ä–µ–∞–≥–∏—Ä–æ–≤–∞–ª, –ø–æ—Ç–æ–º—É —á—Ç–æ –Ω–µ —É—Å–ª—ã—à–∞–ª. 
3. –ì—Ä–æ–º–∫–∞—è –º—É–∑—ã–∫–∞, –∫–æ—Ç–æ—Ä—É—é —Å—É–¥—è –ø–æ –≤—Å–µ–º—É —Å—Ç–∞–≤—è—Ç –ø–æ –≤–∫—É—Å—É –ø–µ—Ä—Å–æ–Ω–∞–ª–∞, –∞ –Ω–µ –æ—Ä–∏–µ–Ω—Ç–∏—Ä—É—è—Å—å –Ω–∞ –ø–æ—Ç–µ–Ω—Ü–∏–∞–ª—å–Ω—ã–π –ø–æ—Å–µ—Ç–∏—Ç–µ–ª–µ–π, –∏–ª–∏ —Å—Ç–∏–ª—å –∫–∞—Ñ–µ –≤ —Ü–µ–ª–æ–º. 

–ú–æ–π –∑–∞–∫–∞–∑ —Å–¥–µ–ª–∞–ª–∏ –≤ —Ç–µ—á–µ–Ω–∏–µ 11 –º–∏–Ω—É—Ç, –º–æ–ª—á–∞ (–∏–ª–∏ —Ç–∏—Ö–æ —Å–∫–∞–∑–∞–≤) –ø–æ—Å—Ç–∞–≤–∏–ª–∏ –Ω–∞ —Å—Ç–æ–ª. –ü—Ä–∏—à–ª–æ—Å—å —É—Ç–æ—á–Ω–∏—Ç—å —á—Ç–æ —ç—Ç–æ –∏ –∑–∞–±—Ä–∞—Ç—å.",1.0
21,https://yandex.lv/maps/org/jinju_bubble_tea/135145667535/reviews,"–í—Å–µ –ø–æ–Ω—Ä–∞–≤–∏–ª–æ—Å—å. –ü—Ä–æ—á–∏—Ç–∞–ª–∞ –æ—Ç–∑—ã–≤—ã –∏ –±—ã–ª–∞ –Ω–µ–º–Ω–æ–≥–æ –Ω–∞–ø—É–≥–∞–Ω–∞ –∫–∞—Å–∞—Ç–µ–ª—å–Ω–æ —Ä–∞–±–æ—Ç—ã –ø–µ—Ä—Å–æ–Ω–∞–ª–∞, –Ω–æ –º–µ–Ω—è —Ö–æ—Ä–æ—à–æ –æ–±—Å–ª—É–∂–∏–ª–∏ –∏ –¥–æ—Å—Ç–∞—Ç–æ—á–Ω–æ –±—ã—Å—Ç—Ä–æ, –ø—Ä–∏—à–ª–∞ –≤ –±—É–¥–Ω–∏–π –¥–µ–Ω—å",5.0
22,https://yandex.lv/maps/org/jinju_bubble_tea/135145667535/reviews,"18.02 –∑–∞–≥–ª—è–Ω—É–ª–∞ –≤ –∫–æ—Ñ–µ–π–Ω—é, –∑–∞ –∫–∞—Å—Å–æ–π –±—ã–ª–∞ –∑–∞–º–µ—á–∞—Ç–µ–ª—å–Ω–∞—è –¥–µ–≤—É—à–∫–∞ , –æ—á–µ–Ω—å –ø—Ä–∏—è—Ç–Ω–∞—è –∏ –≤–µ–∂–ª–∏–≤–∞—è. 
–ü–æ–±–æ–ª—å—à–µ –±—ã —Ç–∞–∫–∏—Ö —Å–æ—Ç—Ä—É–¥–Ω–∏–∫–æ–≤ , –Ω–∞—Å—Ç—Ä–æ–µ–Ω–∏–µ —Å —É—Ç—Ä–∞ –ø–æ–¥–Ω–∏–º–∞–µ—Ç—Å—è!",5.0
23,https://yandex.lv/maps/org/jinju_bubble_tea/135145667535/reviews,"–æ—á–µ–Ω—å –∞—Ç–º–æ—Å—Ñ–µ—Ä–Ω–æ–µ –º–µ—Å—Ç–æ, –≥–¥–µ –≥–æ—Ç–æ–≤—è—Ç –ø–æ—Ç—Ä—è—Å–∞—é—â–∏–π –±–∞–±–ª —Ç–∏ –ø–æ –¥–æ—Å—Ç—É–ø–Ω—ã–º —Ü–µ–Ω–∞–º! –æ—Ç–∑—ã–≤—á–∏–≤—ã–π –ø–µ—Ä—Å–æ–Ω–∞–ª) –º–Ω–æ–≥–æ –Ω–µ–æ–±—ã—á–Ω—ã—Ö —Å–Ω–µ–∫–æ–≤ –∏–∑ —Å—Ç—Ä–∞–Ω –∞–∑–∏–∏ –¥–ª—è –ø–æ–∫—É–ø–∫–∏) –æ–¥–Ω–æ–∑–Ω–∞—á–Ω–æ —Ä–µ–∫–æ–º–µ–Ω–¥—É—é –∫ –ø–æ—Å–µ—â–µ–Ω–∏—é!",5.0
24,https://yandex.lv/maps/org/jinju_bubble_tea/135145667535/reviews,"–ø–µ—Ä–≤–æ–µ, –∑–∞ —á—Ç–æ —Ö–æ—á—É –æ—Ç–º–µ—Ç–∏—Ç—å –¥–∞–Ω–Ω–æ–µ –∑–∞–≤–µ–¥–µ–Ω–∏–µ —ç—Ç–æ –∑–∞ –ø—Ä–∏—è—Ç–Ω—É—é –∞—Ç–º–æ—Å—Ñ–µ—Ä—É –∏ –º—É–∑—ã–∫—É, –æ–∂–∏–¥–∞–Ω–∏–µ –Ω–µ–º–Ω–æ–≥–æ –¥–æ–ª–≥–æ–µ, –Ω–æ —Ç–µ—Ä–ø–∏–º–æ
–Ω–∞–ø–∏—Ç–∫–∏ –¥–µ–π—Å—Ç–≤–∏—Ç–µ–ª—å–Ω–æ –æ—á–µ–Ω—å –≤–∫—É—Å–Ω—ã–µ, –±–µ—Ä–∏—Ç–µ –æ–±—è–∑–∞—Ç–µ–ª—å–Ω–æ —Å —Ç–∞–ø–∏–æ–∫–æ–π!!",5.0
25,https://yandex.lv/maps/org/jinju_bubble_tea/135145667535/reviews,"–û—á–µ–Ω—å –≤–∫—É—Å–Ω—ã–µ –ø–∞—Ä–æ–≤—ã–µ –ø–∏—Ä–æ–∂–∫–∏)) –±—Ä–∞–ª–∞ —Å –≥–æ–≤—è–¥–∏–Ω–æ–π –∏ —Å—ã—Ä–æ–∫ ü§§ –ö–æ—Ñ–µ —Ç–æ–∂–µ –≤–∫—É—Å–Ω—ã–π! –í–∏–∑—É–∞–ª—å–Ω–æ –Ω–µ–ø—Ä–∏–º–µ—Ç–Ω–æ–µ –º–µ—Å—Ç–æ, –∏–Ω—Ç–µ—Ä—å–µ—Ä –≤–Ω—É—Ç—Ä–∏ –ø—Ä–æ—Å—Ç–æ–≤–∞—Ç, –Ω–æ –æ–±—Å–ª—É–∂–∏–≤–∞–Ω–∏–µ –±—ã—Å—Ç—Ä–æ–µ, —Å–æ—Ç—Ä—É–¥–Ω–∏–∫–∏ –ø—Ä–∏–≤–µ—Ç–ª–∏–≤—ã–µ. –í—Å—ë –ø–æ–Ω—Ä–∞–≤–∏–ª–æ—Å—å",5.0
26,https://yandex.lv/maps/org/jinju_bubble_tea/135145667535/reviews,"–û—á–µ–Ω—å –ø—Ä–∏—è—Ç–Ω–æ–µ –º–µ—Å—Ç–æ: 5/5
–î–æ–ª–≥–æ –∏–∑–±–µ–≥–∞–ª–∞ Jinju –∏–∑-–∑–∞ –Ω–∏–∑–∫–æ–≥–æ —Ä–µ–π—Ç–∏–Ω–≥–∞ –∏ –æ—á–µ–Ω—å –∑—Ä—è!
–ó–¥–µ—Å—å —è –ø–æ–ø—Ä–æ–±–æ–≤–∞–ª–∞ —Å–∞–º—É—é –º—è–≥–∫—É—é –∏ –ø—Ä–∏—è—Ç–Ω—É—é —Ç–∞–ø–∏–æ–∫—É ‚Äî —ç—Ç–æ –ø—Ä—è–º–æ —É—Å–ª–∞–¥–∞! –°–∞–º–∏ –Ω–∞–ø–∏—Ç–∫–∏ —Å–±–∞–ª–∞–Ω—Å–∏—Ä–æ–≤–∞–Ω–Ω—ã–µ –∏ –æ—á–µ–Ω—å –≤–∫—É—Å–Ω—ã–µ!
–ù–µ–º–∞–ª–æ–≤–∞–∂–Ω–æ –∏ —Ç–æ, —á—Ç–æ –≤ —ç—Ç–æ–º –∫–∞—Ñ–µ –º–æ–∂–Ω–æ —Å–ø–æ–∫–æ–π–Ω–æ –ø–æ—Å–∏–¥–µ—Ç—å –∏ –æ—Ç–¥–æ—Ö–Ω—É—Ç—å (–±–æ–ª—å—à–∏–Ω—Å—Ç–≤–æ –±–∞–±–±–ª—Ç–∏—à–Ω—ã—Ö –æ—á–µ–Ω—å —Ç–µ—Å–Ω—ã–µ).
–í –æ–±—â–µ–º, –≤–ø–µ—á–∞—Ç–ª–µ–Ω–∏–µ —Ö–æ—Ä–æ—à–µ–µ)",5.0
27,https://yandex.lv/maps/org/jinju_bubble_tea/135145667535/reviews,–ö—Ä–∞—Å–∏–≤—ã–π –∏–Ω—Ç–µ—Ä—å–µ—Ä. –£—é—Ç–Ω—ã–π –≤–∏–¥ –≤–æ –¥–≤–æ—Ä —Å —Ç–µ—Ä—Ä–∞—Å—ã. –ö—Ä–∞—Å–∏–≤—ã–µ –∏ —É—é—Ç–Ω—ã–µ –æ—Ñ–∏—Ü–∏–∞–Ω—Ç—ã. –•–æ—Ä–æ—à–µ–µ –≤–ø–µ—á–∞—Ç–ª–µ–Ω–∏–µ!,5.0
28,https://yandex.lv/maps/org/jinju_bubble_tea/135145667535/reviews,"–ë—Ä–∞–ª–∞ –Ω–µ —Ä–∞–∑ —Ç–∞–º –∫–æ—Ñ–µ, —Å—Ç–∞–ª–∏ —è–≤–Ω–æ –æ–±–º–∞–Ω—ã–≤–∞—Ç—å. –í–º–µ—Å—Ç–æ 300–º–ª –Ω–∞–ª–∏–≤–∞—é—Ç 150. –ö–æ–≥–¥–∞ –ø–æ–≤—Ç–æ—Ä–Ω–æ –ø—Ä–∏—à–ª–∞ –∏ –ø–æ–ø—Ä–æ—Å–∏–ª–∞ 300, —Å–∏—Ç—É–∞—Ü–∏—è –ø–æ–≤—Ç–æ—Ä–∏–ª–∞—Å—å. –Ø —Å–∫–∞–∑–∞–ª–∞ –æ–± —ç—Ç–æ–º –ø–µ—Ä—Å–æ–Ω–∞–ª—É, –º–µ–Ω—è –≤–Ω–∞–≥–ª—É—é –ø—ã—Ç–∞–ª–∏—Å—å –ø–µ—Ä–µ—É–±–µ–¥–∏—Ç—å —á—Ç–æ —Ç–∞–º –≤—Å–µ —Å–æ–æ—Ç–≤–µ—Ç—Å—Ç–≤—É–µ—Ç –∏ –¥–æ–ª–∏–≤–∞—Ç—å –º–Ω–µ –Ω–∏–∫—Ç–æ –Ω–µ —Å–æ–±–∏—Ä–∞–ª—Å—è.",1.0
29,https://yandex.lv/maps/org/jinju_bubble_tea/135145667535/reviews,"–ë—ã–ª–∏ –≤ —ç—Ç–æ–º –∫–∞—Ñ–µ, –∑–∞–∫–∞–∑—ã–≤–∞–ª–∏ –¥–≤–∞ —á–∞—è. –°–Ω–∞—á–∞–ª–∞ –ø–µ—Ä—Å–æ–Ω–∞–ª –º–∏–Ω—É—Ç 5 –Ω–µ –º–æ–≥ –æ–ø—Ä–µ–¥–µ–ª–∏—Ç—å—Å—è –∏ —Å–∫–∞–∑–∞—Ç—å, —á—Ç–æ –µ—Å—Ç—å –≤ –º–µ–Ω—é, –∞ —á–µ–≥–æ –Ω–µ—Ç. –ò–∑ –∑–∞ —ç—Ç–æ–≥–æ –∑–∞–∫–∞–∑ –ø–µ—Ä–µ–±–∏–≤–∞–ª–∏ –Ω–µ—Å–∫–æ–ª—å–∫–æ —Ä–∞–∑. –ü–æ—Å–ª–µ –≤—ã—è—Å–Ω–∏–ª–æ—Å—å, —á—Ç–æ 70% –ø—Ä–µ–¥—Å—Ç–∞–≤–ª–µ–Ω–Ω–æ–≥–æ –∏–∑ –º–µ–Ω—é –≤–æ–æ–±—â–µ —Å–µ–π—á–∞—Å –æ—Ç—Å—É—Ç—Å—Ç–≤—É–µ—Ç. –ü–æ—Å–ª–µ –∑–∞–∫–∞–∑–∞ —Å–∫–∞–∑–∞–ª–∏ –∂–¥–∞—Ç—å 5-10 –º–∏–Ω—É—Ç. –ú—ã –ø—Ä–æ–∂–¥–∞–ª–∏ 15-20 –º–∏–Ω—É—Ç, –ø–æ—Å–ª–µ —á–µ–≥–æ –Ω–∞–º –≤—ã–¥–∞–ª–∏ —Ç–æ–ª—å–∫–æ –æ–¥–∏–Ω —á–∞–π (–≤—ã–¥–∞–ª–∏ —Å–æ –ª—å–¥–æ–º, –º—ã –ø—Ä–æ—Å–∏–ª–∏ –±–µ–∑ –ª—å–¥–∞). –í—Ç–æ—Ä–æ–π —á–∞–π –ø–æ—Å–ª–µ –¥–ª–∏—Ç–µ–ª—å–Ω–æ–≥–æ –æ–∂–∏–¥–∞–Ω–∏—è –º—ã –Ω–µ –ø–æ–ª—É—á–∏–ª–∏, —Ç–∞–∫ –∫–∞–∫ –ø–æ—á–µ–º—É —Ç–æ —Ç–æ–ª—å–∫–æ —Å–µ–π—á–∞—Å –Ω–∞–º —Å–∫–∞–∑–∞–ª–∏, —á—Ç–æ –∏ —ç—Ç–æ–≥–æ —á–∞—è –≤ –Ω–∞–ª–∏—á–∏–∏ –Ω–µ—Ç (–∑–∞–∫–∞–∑ —É–∂–µ –±—ã–ª –æ–ø–ª–∞—á–µ–Ω). –ü—Ä–∏—à–ª–æ—Å—å –æ–ø—è—Ç—å –≤—Å—ë –ø–µ—Ä–µ–≤—ã–±–∏—Ä–∞—Ç—å –∏ –∑–∞–Ω–æ–≤–æ –∂–¥–∞—Ç—å –≤—Ç–æ—Ä–æ–π —á–∞–π. –ö —Å–ª–æ–≤—É, –ø–æ—Å–∏—Ç–∏—Ç–µ–ª–µ–π –≤ –∫–∞—Ñ–µ –Ω–µ –±—ã–ª–æ –≤–æ–æ–±—â–µ. –ß–∞–π –ø–æ –≤–∫—É—Å—É –æ–∫–∞–∑–∞–ª—Å—è –Ω–æ—Ä–º–∞–ª—å–Ω—ã–º, –Ω–æ –±–æ–ª—å—à–µ —Ç–∞–º –±—ã–ª –≤–∫—É—Å —Ö–∏–º–∏–∏, —á–µ–º —á–µ–≥–æ —Ç–æ –Ω–∞—Ç—É—Ä–∞–ª—å–Ω–æ–≥–æ. –ù–æ —Ç–∞–∫–æ–π —Å–µ—Ä–≤–∏—Å, –µ—Å–ª–∏ –≤–æ–æ–±—â–µ —Ç–∞–∫–æ–µ –æ—Ç–≤—Ä–∞—Ç–∏—Ç–µ–ª—å–Ω–æ–µ –æ—Ç–Ω–æ—à–µ–Ω–∏–µ –º–æ–∂–Ω–æ –Ω–∞–∑–≤–∞—Ç—å —Å–µ—Ä–≤–∏—Å–æ–º, –ø–æ–¥–ø–æ—Ä—Ç–∏–ª –Ω–∞—Å—Ç—Ä–æ–µ–Ω–∏–µ.",1.0
30,https://yandex.lv/maps/org/jinju_bubble_tea/135145667535/reviews,"–£–∂–∞—Å–Ω–æ–µ –º–µ—Å—Ç–æ! (–†–∞–Ω—å—à–µ –Ω–æ—Ä–º –±—ã–ª–æ) –û–ø–ª–∞—Ç–∞ –ø–µ—Ä–µ–≤–æ–¥–æ–º, —Ä–µ–±—è—Ç–∞ —Å–ø–æ—Ä—è—Ç –∫—Ç–æ –ø–æ–π–¥–µ—Ç –ø—Ä–∏–Ω–∏–º–∞—Ç—å –∑–∞–∫–∞–∑, —á–∞–π —Å —Ç–∞–ø–∏–æ–∫–æ–π –¥–µ–ª–∞—é—Ç –Ω–∞ –¥–µ—à–µ–≤–æ–º roal (—Å–º–µ—à–Ω–æ) –æ–±—ã—á–Ω–æ –∫—Ä–∞—Å–Ω—ã–π —Ç–∞–π—Å–∫–∏–π, –ø—Ä–∏ –≤–æ–ø—Ä–æ—Å–µ –∫–∞–∫–æ–π –µ—Å—Ç—å –Ω–µ —Å—É–ø–µ—Ä —Å–ª–∞–¥–∫–∏–π —á–∞–π( —è –∑–Ω–∞—é —á—Ç–æ –æ–Ω–∏ —Å–ª–∞–¥–∫–∏–µ) –º–µ–Ω–µ–µ —Å–ª–∞–¥–∫–∏–π —á–∞–π –∏–∑ –≤—Å–µ—Ö –ø–æ–ø—Ä–æ—Å–∏–ª, —á—É–≤–∞–∫ —Å –∫–∏—Å–ª–æ–π –º–∏–Ω–æ–π –∫–æ—Ç–æ—Ä—ã–π ¬´–ø—Ä–æ—Å–ø–æ—Ä–∏–ª¬ª –∏ –µ–º—É –ø—Ä–∏—à–ª–æ—Å—å –∏–¥—Ç–∏ –ø—Ä–∏–Ω–∏–º–∞—Ç—å –∑–∞–∫–∞–∑ –æ—Ç–≤–µ—á–∞–µ—Ç –í–°–ï –°–ª–∞–¥–∫–∏–µ))) –¢–æ–ø –æ–±—Å–ª—É–∂–∏–≤–∞–Ω–∏–µ, –æ–±—ã—á–Ω–æ —Ç–µ–±–µ –æ–±—ä—è—Å–Ω—è—é—Ç –≥–æ–≤–æ—Ä—è—Ç –Ω—É —Ç–∞–∫–æ–π –≤–æ—Ç –Ω–µ —Ç–∞–∫–æ–π —Å–ª–∞–¥–∫–∏–π –∫–∞–∫ —Ç–æ—Ç –∏—Ç–¥. –ó–∞–∫—Ä–æ–π—Ç–µ—Å—å –∏ –Ω–µ —Ä–∞–±–æ—Ç–∞–π—Ç–µ) –õ–∏–±–æ —É–≤–æ–ª—å—Ç–µ –≤–µ—Å—å –ø–µ—Ä—Å–æ–Ω–∞–ª –∏ –Ω–∞–π–º–∏—Ç–µ –Ω–æ–≤—ã–π",1.0
31,https://yandex.lv/maps/org/jinju_bubble_tea/135145667535/reviews,"–∫—Ä—É—Ç–æ–µ –º–µ—Å—Ç–æ!!! –≤—Å–µ–º —Å–æ–≤–µ—Ç—É—é
—Ö–æ—Ä–æ—à–∏–µ —Ä–µ–±—è—Ç–∞ —Ç—É—Ç —Ä–∞–±–æ—Ç–∞—é—Ç, –¥–µ–ª–∞—é—Ç –≤–∫—É—Å–Ω—ã–µ –Ω–∞–ø–∏—Ç–∫–∏
11/10",5.0
32,https://yandex.lv/maps/org/jinju_bubble_tea/135145667535/reviews,"–ë–æ–ª—å—à–æ–π –≤—ã–±–æ—Ä –±–∞–±–ª—Ç–∏ –∏ –Ω–∞–ø–æ–ª–Ω–∏—Ç–µ–ª–µ–º, –ø—Ä–∏–≤–µ—Ç–ª–∏–≤—ã–π –ø–µ—Ä—Å–æ–Ω–∞–ª, —É—é—Ç–Ω–æ–µ –Ω–µ–±–æ–ª—å—à–æ–µ –ø–æ–º–µ—â–µ–Ω–∏–µ",5.0
33,https://yandex.lv/maps/org/jinju_bubble_tea/135145667535/reviews,–ü—Ä–∏–∫–æ–ª—å–Ω–æ–µ –º–µ—Å—Ç–æ. –ï—Å—Ç—å –ø–æ–Ω—è—Ç–Ω—ã–µ —Å–ª–∞–¥–∫–∏–µ –±—É–ª–æ—á–∫–∏. –ù–æ –Ω–∞ –ü—Ä–æ—Å–ø–µ–∫—Ç–µ –ú–∏—Ä–∞ –±–æ–ª—å—à–µ –Ω—Ä–∞–≤–∏—Ç—Å—è –∏–∑-–∑–∞ —Ä–∞–±–æ—Ç–∞—é—â–∏—Ö –∫–æ—Ä–µ–π—Ü–µ–≤ .,5.0
34,https://yandex.lv/maps/org/jinju_bubble_tea/135145667535/reviews,"–û–¥–Ω–∞ –∏–∑ –º–æ–∏—Ö —Å–∞–º—ã—Ö –ª—é–±–∏–º—ã—Ö –∫–æ—Ñ–µ–µ–Ω –±–∞–±–ª-—Ç–∏, –≥–æ—Ç–æ–≤—è—Ç –≤–∫—É—Å–Ω–æ –∏ —Ç–∞–ø–∏–æ–∫—É, –∏ –Ω–∞–ø–∏—Ç–∫–∏, –µ—Å—Ç—å –±–æ–ª—å—à–æ–π –≤—ã–±–æ—Ä –∫–æ—Ñ–µ–π–Ω—ã—Ö. –¶–µ–Ω—ã –Ω–µ –Ω–∏–∑–∫–∏–µ, –Ω–æ —Å—Ä–µ–¥–Ω–∏–µ –ø–æ –ú–æ—Å–∫–≤–µ –∑–∞ –ø–æ–¥–æ–±–Ω—ã–µ –Ω–∞–ø–∏—Ç–∫–∏",5.0
35,https://yandex.lv/maps/org/jinju_bubble_tea/135145667535/reviews,"–û—á–µ–Ω—å –≤–∫—É—Å–Ω–æ! –ú–∞—Ç—á–∞ —Å—É–ø–µ—Ä, –∫—Ä–µ–º —Å—É–ø–µ—Ä, —Ç–∞–ø–∏–æ–∫–∞ –º—è–≥–∫–∞—è –∏ –≤ –º–µ—Ä—É —Å–ª–∞–¥–∫–∞—è, –≤—Å–µ –æ–≥–æ–Ω—å, –≤–∫—É—Å–Ω–µ–µ –ø–∏–º—Å)",5.0
36,https://yandex.lv/maps/org/jinju_bubble_tea/135145667535/reviews,"–í–∫—É—Å–Ω–æ–µ –±–∞–±–ª—Ç–∏, –∏–Ω—Ç–µ—Ä–µ—Å–Ω—ã–µ –ø–æ–∑–∏—Ü–∏–∏ –≤ –º–µ–Ω—é. –ï—Å—Ç—å –≤—ã–±–æ—Ä –Ω–∞–ø–∏—Ç–∫–æ–≤ –¥–ª—è –ª—é–±–∏—Ç–µ–ª–µ–π —Å–∏–ª—å–Ω–æ —Å–ª–∞–¥–∫–∏—Ö –Ω–∞–ø–∏—Ç–∫–æ–≤ –∏ –Ω–µ –æ—á–µ–Ω—å. –¢–∞–∫–∂–µ –º–æ–∂–Ω–æ –∫—É–ø–∏—Ç—å –º–æ—Ç–∏ —Å —Ç—Ä–∞–¥–∏—Ü–∏–æ–Ω–Ω—ã–º–∏ –Ω–∞—á–∏–Ω–∫–∞–º–∏ (–±–æ–±–æ–≤–∞—è –ø–∞—Å—Ç–∞) –∏ —Ä–∞–º–µ–Ω.",5.0
37,https://yandex.lv/maps/org/jinju_bubble_tea/135145667535/reviews,"–Ø —Ç–æ—Ç –ø–∞—Ä–µ–Ω—å –≤ —á–µ—Ä–Ω–æ-–±–µ–ª–æ–π —Ä—É–±–∞—à–∫–µ –ø—Ä–∏—Ö–æ–¥–∏–ª –∑–∞ –±–∞–±–ª—Ç–∏ –¥–ª—è –∂–µ–Ω—ã, –≤—Å–µ –æ—á–µ–Ω—å –ø–æ–Ω—Ä–∞–≤–∏–ª–æ—Å—å, –∫—Ä—É—Ç–æ–π –≤–∫—É—Å, –≤—ã–ø–æ–ª–Ω–∏–ª–∏ –º–æ—é –∑–∞–¥–∞—á—É –Ω–∞ 10/10.
–°–ø–∞—Å–∏–±–æ –∫–æ–º–∞–Ω–¥–µ –∑–∞ –ø—Ä–æ—Ñ–µ—Å—Å–∏–æ–Ω–∞–ª–∏–∑–º",5.0
38,https://yandex.lv/maps/org/jinju_bubble_tea/135145667535/reviews,"–ü–µ—Ä—Å–æ–Ω–∞–ª –æ—Ç–≤—Ä–∞—Ç–∏—Ç–µ–ª—å–Ω—ã–π. –û–ø–ª–∞—Ç–∏–ª–∞ –∑–∞–∫–∞–∑ –Ω–∞ 760—Ä, –Ω–æ –¥–µ–≤—É—à–∫–∞, —Å –Ω–∞–≥–ª—ã–º –≤—ã—Ä–∞–∂–µ–Ω–∏–µ–º –ª–∏—Ü–∞, –∫–∞–∫-–±—É–¥—Ç–æ —è –µ–π –¥–æ–ª–∂–Ω–∞, –∞ –Ω–µ –Ω–∞–æ–±–æ—Ä–æ—Ç, –ø—Ä–æ–¥–æ–ª–∂–∞–ª–∞ —Ç–æ—Ä—á–∞—Ç—å –≤ —Ç–µ–ª–µ—Ñ–æ–Ω–µ. –ù–∞ –º–æ–π –≤–æ–ø—Ä–æ—Å - –∫–æ–≥–¥–∞ –º–æ–π –∫–∞–ø—É—á–∏–Ω–æ –Ω–∞—á–Ω—É—Ç –≥–æ—Ç–æ–≤–∏—Ç—å - –ª–µ–Ω–∏–≤–æ –æ—Ç–æ—Ä–≤–∞–ª–∞—Å—å –æ—Ç —Ç–µ–ª–µ—Ñ–æ–Ω–∞ –∏ –º–µ–¥–ª–µ–Ω–Ω–æ –Ω–∞—á–∞–ª–∞, —Å —É–∂–∏–º–∫–∞–º–∏, –∏ –ø—Ä–æ–∑—Ä–∞—á–Ω–æ –¥–µ–º–æ–Ω—Å—Ç—Ä–∏—Ä—É—è —Å–≤–æ–µ –æ—Ç–Ω–æ—à–µ–Ω–∏–µ –∫–æ –º–Ω–µ. 
–î–∞–≤–Ω–æ —Ç–∞–∫–æ–≥–æ –Ω–µ –≤–∏–¥–µ–ª–∞. –î–∏—á—å –≤–æ –≤—Ä–µ–º–µ–Ω–∞, –∫–æ–≥–¥–∞ —Ç–∞–∫–∞—è –≤—ã—Å–æ–∫–∞—è –∫–æ–Ω–∫—É—Ä–µ–Ω—Ü–∏—è. –í–ª–∞–¥–µ–ª—å—Ü–∞–º –±—ã –ø—Ä–æ–º–æ–Ω–∏—Ç–æ—Ä–∏—Ç—å –∫–∞–∫ —Ä–∞–±–æ—Ç–∞–µ—Ç –ø–µ—Ä—Å–æ–Ω–∞–ª. –ë–æ–ª—å—à–µ —Å—é–¥–∞ –Ω–∏ –Ω–æ–≥–æ–π",1.0
39,https://yandex.lv/maps/org/jinju_bubble_tea/135145667535/reviews,"–í—á–µ—Ä–∞ –≤–µ—á–µ—Ä–æ–º –æ–ø–ª–∞—Ç–∏–ª–∞ –Ω–∞–ø–∏—Ç–æ–∫ 3 —Ä–∞–∑–∞. –ü–µ—Ä–≤—ã–µ 2 —Ä–∞–∑–∞ —É –Ω–∏—Ö –Ω–µ –≤—ã–ª–µ–∑–∞–ª–∏ —á–µ–∫–∏ –∏ –º–Ω–µ –≥–æ–≤–æ—Ä–∏–ª–∏ —á—Ç–æ –æ–ø–ª–∞—Ç–∞ –Ω–µ –ø—Ä–æ—à–ª–∞ –∏ –ø—Ä–æ—Å–∏–ª–∏ –æ–ø–ª–∞—Ç–∏—Ç—å —Å–Ω–æ–≤–∞, —Ö–æ—Ç—è —è –ø–æ–∫–∞–∑—ã–≤–∞–ª–∞ —á—Ç–æ —É –º–µ–Ω—è –æ–ø–ª–∞—Ç–∞ –ø—Ä–æ—à–ª–∞ –∏ –ø—Ä–µ–¥—ä—è–≤–ª—è–ª–∞ –∏–º –∫–≤–∏—Ç–∞–Ω—Ü–∏–∏. –û–ø–ª–∞—Ç–∞ –±—ã–ª–∞ –ø–æ QR –∫–æ–¥—É. –í –∏—Ç–æ–≥–µ 3–π —Ä–∞–∑ —è —É–∂–µ –æ–ø–ª–∞—Ç–∏–ª–∞ –¥—Ä—É–≥–æ–π –∫–∞—Ä—Ç–æ–π –∏ –≤—Å–µ –ø—Ä–æ—à–ª–æ. –ù–∞–ø–∏—Ç–æ–∫ –º–Ω–µ –æ—Ç–¥–∞–ª–∏ –∏ —Å–∫–∞–∑–∞–ª–∏ —á—Ç–æ –ø–æ –ø–µ—Ä–≤—ã–º –¥–≤—É–º –ø–ª–∞—Ç–µ–∂–∞–º –º–Ω–µ –ø—Ä–∏–¥–µ—Ç –æ—Ç–º–µ–Ω–∞ –≤ —Ç–µ—á–µ–Ω–∏–∏ 30 –º–∏–Ω—É—Ç, –Ω–∏–∫–∞–∫–æ–π –æ—Ç–º–µ–Ω—ã –Ω–µ –±—ã–ª–æ, –¥–µ–Ω—å–≥–∏ –ø–æ–ª–Ω–æ—Å—Ç—å—é —Å–ø–∏—Å–∞–Ω—ã. –í –∏—Ç–æ–≥–µ —è –∫—É–ø–∏–ª–∞ –Ω–∞–ø–∏—Ç–æ–∫ –∑–∞ 1950 —Ä—É–±. –ö–∞–∫ –≤–∞–º —Ç–∞–∫–∞—è —Ü–µ–Ω–∞ –∑–∞ —Å—Ç–∞–∫–∞–Ω –∫–æ—Ñ–µ —Å —Ä–∏—Å–æ–≤—ã–º–∏ —à–∞—Ä–∏–∫–∞–º–∏? –Ø –≤–æ–∑–º—É—â–µ–Ω–∞! 
–ù–∏–∫—Ç–æ –¥–∞–∂–µ –Ω–µ –ø—Ä–µ–¥–ª–æ–∂–∏–ª –∫–∞–∫ —Ç–æ –∑–∞—Ñ–∏–∫—Å–∏—Ä–æ–≤–∞—Ç—å —ç—Ç–æ, —á—Ç–æ–±—ã –≤ —Å–ª—É—á–∞–µ —á–µ–≥–æ —è –º–æ–≥–ª–∞ –æ–±—Ä–∞—Ç–∏—Ç—å—Å—è –∫ –Ω–∏–º. –í–æ—Ç 3 –æ–ø–ª–∞—Ç—ã –ø—Ä–∏–º–µ—Ä–Ω–æ —Å —Ä–∞–∑–Ω–∏—Ü–µ–π –≤ –º–∏–Ω—É—Ç–∞—Ö –º–µ–∂–¥—É –Ω–∏–º–∏.",1.0
40,https://yandex.lv/maps/org/jinju_bubble_tea/135145667535/reviews,"–ù–∞–º–Ω–æ–≥–æ –±–ª–∏–∂–µ –∫ —Ç–µ–º –∑–∞–≤–µ–¥–µ–Ω–∏—è–º, –æ –∫–æ—Ç–æ—Ä—ã—Ö –≤–æ—Å—Ö–∏—â–µ–Ω–Ω–æ —Ä–∞—Å—Å–∫–∞–∑—ã–≤–∞–µ—Ç —Å–≤–æ–∏–º —Ä–æ–¥–∏—Ç–µ–ª—è–º –ø–æ–±—ã–≤–∞–≤—à–∞—è –≤ –∞–∑–∏–∏ –º–æ–ª–æ–¥—ë–∂—å, —á–µ–º —Ç–µ –Ω–∞–ø–æ–º–∞–∂–µ–Ω–Ω—ã–µ, –ø–µ—Ä–µ–Ω–∞—à–ø–∏–≥–æ–≤–∞–Ω–Ω—ã–µ –º–∏–Ω–∏–º–∞–ª–∏—Å—Ç–∏—á–Ω–æ–π —Å—Ç–∏–ª–∏—Å—Ç–∏–∫–æ–π (–±–ª–∞–≥–æ–¥–∞—Ä—è –º–æ—Å–∫–æ–≤—Å–∫–æ–º—É –ø–µ—Ä–µ–ø—Ä–æ–∏–∑–≤–æ–¥—Å—Ç–≤—É –¥–∏–∑–∞–π–Ω–µ—Ä–æ–≤), –ø—Ä–æ—Å—Ç—Ä–∞–Ω—Å—Ç–≤–∞, –∫–æ—Ç–æ—Ä—ã–µ –ø—Ä–∏–Ω–∏–º–∞—é—Ç –∑–∞ –∏–¥–µ–∞–ª –º–æ—Å–∫–≤–∏—á–∏. –ü—Ä–æ—Ü–≤–µ—Ç–∞–Ω–∏—è —Ä–µ–±—è—Ç–∞–º. *–Ω–∏ –≤ –∫–æ–µ–º —Å–ª—É—á–∞–µ –Ω–µ –º–µ–Ω—è–π—Ç–µ –æ—á–∞—Ä–æ–≤–∞—Ç–µ–ª—å–Ω—É—é –æ—à–∏–±–∫—É –≤ –Ω–µ–æ–Ω–æ–≤–æ–º –∞–Ω–≥–ª–∏–π—Å–∫–æ–º –ø—Ä–∏–∑—ã–≤–µ –≤—ã–ø–∏—Ç—å –±–æ–±—ã, —á—Ç–æ –±—ã –Ω–µ –≥–æ–≤–æ—Ä–∏–ª–∏ —É–º–Ω–∏–∫–∏, - —ç—Ç–æ –ø—Ä–∏–∑–Ω–∞–∫ –∞—É—Ç–µ–Ω—Ç–∏—á–Ω–æ—Å—Ç–∏.",5.0
41,https://yandex.lv/maps/org/jinju_bubble_tea/135145667535/reviews,"–ó–∞–µ–∑–∂–∞–ª–∞ –ø–æ—á—Ç–∏ –∫–∞–∂–¥—É—é –Ω–µ–¥–µ–ª—é –∑–∞ –ª–∞—Ç—Ç–µ —Å —Ç–∞–ø–∏–æ–∫–æ–π. –°–æ —Å–º–µ–Ω–æ–π –ø–µ—Ä—Å–æ–Ω–∞–ª–∞ –∑–∞–≤–µ–¥–µ–Ω–∏–µ —è–≤–Ω–æ –∏—Å–ø–æ—Ä—Ç–∏–ª–æ—Å—å, –æ–±—Å–ª—É–∂–∏–≤–∞–Ω–∏–µ –æ—Ç–≤—Ä–∞—Ç–∏—Ç–µ–ª—å–Ω–æ–µ, –∫–∞—á–µ—Å—Ç–≤–æ –Ω–∞–ø–∏—Ç–∫–æ–≤ –æ—Å—Ç–∞–≤–ª—è–µ—Ç –∂–µ–ª–∞—Ç—å –ª—É—á—à–µ–≥–æ. –°–µ–≥–æ–¥–Ω—è—à–Ω–∏–π –Ω–∞–ø–∏—Ç–æ–∫ –ø—Ä–∏—à–ª–æ—Å—å –≤—ã–±—Ä–æ—Å–∏—Ç—å: —Ç–∞–ø–∏–æ–∫–∞ –≤–æ–æ–±—â–µ –Ω–µ –∏–º–µ–ª–∞ —Ç–µ–∫—Å—Ç—É—Ä—É –∂–µ–ª–µ –∏ —Ä–∞–∑–≤–∞–ª–∏–≤–∞–ª–∞—Å—å –≤–æ —Ä—Ç—É, –≤–∫—É—Å —Ç–æ–∂–µ –±—ã–ª —Ö—É–∂–µ, —á–µ–º –æ–±—ã—á–Ω–æ. 
–ù–∞–¥–µ—é—Å—å, —Ö–æ—Ç—å –Ω–∞ –ø—Ä–æ—Å–ø–µ–∫—Ç–µ –ú–∏—Ä–∞ –æ—Å—Ç–∞–ª—Å—è —Å—Ç–∞—Ä—ã–π –ø–µ—Ä—Å–æ–Ω–∞–ª, –∏–Ω–∞—á–µ –ø—Ä–∏–¥–µ—Ç—Å—è –ø–æ–ø—Ä–æ—â–∞—Ç—å—Å—è —Å Jinju",1.0
42,https://yandex.lv/maps/org/jinju_bubble_tea/135145667535/reviews,"–Ø –æ—á–µ–Ω—å –Ω–µ–¥–æ–≤–æ–ª—å–Ω–∞. –ó–∞–±–µ–∂–∞–ª–∞ –≤–∑—è—Ç—å –∫–æ—Ñ–µ —Å —Å–æ–±–æ–π. –ó–∞–∫–∞–∑–∞–ª–∞ –∞–π—Å –ª–∞—Ç—Ç–µ.
–ß–µ—Ç–≤–µ—Ä–æ —Å–æ—Ç—Ä—É–¥–Ω–∏–∫–æ–≤ —Å–æ–≤–µ—Ä—à–µ–Ω–Ω–æ –Ω–µ–ø—Ä–∏–≤–µ—Ç–ª–∏–≤—ã–µ, —Å–∏–¥–µ–ª–∏ —Å–æ —Å–∫—É—á–∞—é—â–∏–º –≤–∏–¥–æ–º –∏ —Å–æ–≤—Å–µ–º –Ω–µ —Å—Ä–∞–∑—É –Ω–∞—á–∞–ª–∏ –≤—ã–ø–æ–ª–Ω—è—Ç—å –∑–∞–∫–∞–∑. 
–í –∏—Ç–æ–≥–µ –Ω–∞—á–∞–ª–∏ –≥–æ—Ç–æ–≤–∏—Ç—å. –ü—Ä–∏—á–µ–º –æ—á–µ–Ω—å –º–µ–¥–ª–µ–Ω–Ω–æ, —Ö–∏—Ö–∏–∫–∞–ª–∏ –∏ –±–æ–ª—Ç–∞–ª–∏ –¥—Ä—É–≥ —Å –¥—Ä—É–≥–æ–º. –Ø –∂–¥–∞–ª–∞ –∫–æ—Ñ–µ 8 –º–∏–Ω—É—Ç, –±—É–¥—É—á–∏ –µ–¥–∏–Ω—Å—Ç–≤–µ–Ω–Ω—ã–º –ø–æ—Å–µ—Ç–∏—Ç–µ–ª–µ–º. 
–ò —Å–∞–º–æ–µ –æ–±–∏–¥–Ω–æ–µ, —á—Ç–æ –ê–π—Å –ª–∞—Ç—Ç–µ –±—ã–ª –¢–ï–ü–õ–´–ú!
–î–µ–Ω—å–≥–∏ –∏ –≤—Ä–µ–º—è –Ω–∞ –≤–µ—Ç–µ—Ä",1.0
43,https://yandex.lv/maps/org/jinju_bubble_tea/135145667535/reviews,"–°–ª—É—á–∞–π–Ω–æ –∑–∞—à–ª–∞ –≤ —ç—Ç–æ –º–µ—Å—Ç–æ –∏ –ø–æ–ø—Ä–æ–±–æ–≤–∞–ª–∞ —Å–∞–º—ã–π –≤–∫—É—Å–Ω—ã–π —á–∞–π –≤ –∂–∏–∑–Ω–∏: —Ö–æ–ª–æ–¥–Ω—ã—Ö –∂–∞—Å–º–∏–Ω–æ–≤—ã–π —Å –º–æ–ª–æ–∫–æ–º. 
–ú–∏–Ω—É—Å –æ–¥–∏–Ω - –Ω–µ —É–±—Ä–∞–Ω–Ω–∞—è –≤–µ—Ä–∞–Ω–¥–∞ –∏ –∑–∞–ª: —Ä–∞–∑–±—Ä–æ—Å–∞–Ω—ã —Å–º—è—Ç—ã–µ —Å–∞–ª—Ñ–µ—Ç–∫–∏ –∏ —Ä–∞–∑–≤–æ–¥—ã –Ω–∞ —Å—Ç–æ–ª–∞—Ö. –ù–∞–¥–µ—é—Å—å, –Ω–∞ –∫—É—Ö–Ω–µ –±–æ–ª—å—à–∏–π –ø–æ—Ä—è–¥–æ–∫.",4.0
44,https://yandex.lv/maps/org/jinju_bubble_tea/135145667535/reviews,"–æ—á–µ–Ω—å –≤–∫—É—Å–Ω—ã–π —á–∞–π, —Å–∞–º–∞—è –≤–∫—É—Å–Ω–∞—è —Ç–∞–ø–∏–æ–∫–∞!!!
–±–∞—Ä–∏—Å—Ç–∞ —Ä–∏–Ω–∞ —Å–∞–º–∞—è –∫–ª–∞—Å—Å–Ω–∞—è üòã",5.0
45,https://yandex.lv/maps/org/jinju_bubble_tea/135145667535/reviews,"–í–∫—É—Å–Ω–æ, –Ω–æ –Ω–µ —Å–∫–∞–∂—É, —á—Ç–æ –ø—Ä—è–º –Ω–µ–æ–±—ã—á–Ω–æ. –û—Ç –±–æ–ª—å—à–æ–≥–æ –≤—ã–±–æ—Ä–∞ —Ä–∞–∑–±–µ–≥–∞—é—Ç—Å—è –≥–ª–∞–∑–∞.",5.0
46,https://yandex.lv/maps/org/jinju_bubble_tea/135145667535/reviews,–ë–æ–ª—å—à–æ–π –≤—ã–±–æ—Ä –æ—á–µ–Ω—å –≤–∫—É—Å–Ω–æ–≥–æ –±–∞–±–ª —Ç–∏. –õ–µ—Ç–æ–º –Ω–∞ —É–ª–∏—Ü–µ —Å—Ç–æ—è—Ç —É—é—Ç–Ω—ã–µ —Å—Ç–æ–ª–∏–∫–∏.,5.0
47,https://yandex.lv/maps/org/jinju_bubble_tea/135145667535/reviews,"–≠—Ç–æ —Ö—É–¥—à–∏–π –±–∞–±–ª —Ç–∏, –∫–æ—Ç–æ—Ä—ã–π –º—ã –ø—Ä–æ–±–æ–≤–∞–ª–∏. –¢–∞–ø–∏–æ–∫–∞ —Ä–∞–∑–≤–∞—Ä–µ–Ω–∞ –¥–æ —Å–æ—Å—Ç–æ—è–Ω–∏—è –∂–µ–ª–µ, –≤ –º–æ–ª–æ–∫–µ —Å–≤–µ—Ä–Ω—É–≤—à–∏–µ—Å—è –∫–æ–º–∫–∏. 
–î–µ–≤—É—à–∫–∞ –∑–∞ –∫–∞—Å—Å–æ–π –∑–∞–±—ã–ª–∞ , —á—Ç–æ –º—ã –∑–∞–∫–∞–∑–∞–ª–∏ –Ω–µ—Å–∫–æ–ª—å–∫–æ –Ω–∞–ø–∏—Ç–∫–æ–≤. –ñ–¥–∞–ª–∏ –¥–æ–ª–≥–æ –∏ –ø–æ–ª—É—á–∏–ª–∏ –Ω–µ–≤–∫—É—Å–Ω—ã–π –Ω–∞–ø–∏—Ç–æ–∫ –∏ —É–∂–∞—Å–Ω—ã–π —Å–µ—Ä–≤–∏—Å. –í –∫–∞—Ñ–µ –≥—Ä—è–∑–Ω—ã–π –ø–æ–ª –∏ —Å–ª–æ–º–∞–Ω–Ω—ã–µ –∫—Ä–µ—Å–ª–∞. –ü—Ä–æ—Å—Ç–æ –∂–∞–ª—å –ø–æ—Ç—Ä–∞—á–µ–Ω–Ω—ã—Ö –¥–µ–Ω–µ–≥ –∏ –∏—Å–ø–æ—Ä—á–µ–Ω–Ω–æ–≥–æ –Ω–∞—Å—Ç—Ä–æ–µ–Ω–∏—è, –Ω–∞–ø–∏—Ç–∫–∏ –≤—ã–∫–∏–Ω—É–ª–∏ –ø–æ—á—Ç–∏ –ø–æ–ª–Ω—ã–º–∏.",1.0
48,https://yandex.lv/maps/org/jinju_bubble_tea/135145667535/reviews,"–í–∫—É—Å–Ω—ã–π –±–∞–±–ª-—Ç–∏ —Å –∫–∞—Ä–∞–º–µ–ª—å–Ω–æ–π —Ç–∞–ø–∏–æ–∫–æ–π! –¢–∞–∫–∂–µ –µ—Å—Ç—å –ø–æ–ø—É–ª—è—Ä–Ω–∞—è –ª–∞–ø—à–∞, –¥–µ—à–µ–≤–ª–µ, —á–µ–º –≤ –Ω–µ–∫–æ—Ç–æ—Ä—ã—Ö –º–µ—Å—Ç–∞—Ö. –û–±—Å–ª—É–∂–∏–≤–∞–Ω–∏–µ –¥–æ—Å—Ç–∞—Ç–æ—á–Ω–æ –±—ã—Å—Ç—Ä–æ–π, —Ç—Ä–∏ –Ω–∞–ø–∏—Ç–∫–∞ –∂–¥–∞–ª–∏ –º–∏–Ω—É—Ç 7-10.",5.0
49,https://yandex.lv/maps/org/jinju_bubble_tea/135145667535/reviews,"–ë–∞–±–ª —Ç–∏ —Å–≤–æ–∏—Ö –¥–µ–Ω–µ–≥ —Å—Ç–æ–∏—Ç. –ß–∞—è –Ω–µ —á—É–≤—Å—Ç–≤—É–µ—Ç—Å—è, –ø–µ—Ä–µ–±–∏–≤–∞–µ—Ç—Å—è —Ö–∏–º–æ–∑–Ω—ã–º —Å–∏—Ä–æ–ø–æ–º. –°–ø—Ä–æ—Å–∏–ª–∞, –≤ –∫–∞–∫–∏–µ —Ñ—Ä—É–∫—Ç–æ–≤—ã–µ —á–∞–∏ –∫–ª–∞–¥—ë—Ç—Å—è —Ñ—Ä—É–∫—Ç—ã, –ø–æ–ª—É—á–∏–ª–∞ –æ—Ç–≤–µ—Ç, —á—Ç–æ —Ç–æ–ª—å–∫–æ –≤ –∫–ª—É–±–Ω–∏—á–Ω–æ-–º–∞—Ä–∞–∫—É—é. –ò —Ç–æ! –ü–æ —Ñ–∞–∫—Ç—É –±—ã–ª–æ –¥–≤–∞ –º–∞–ª–µ–Ω—å–∫–∏—Ö –∫—É—Å–æ—á–∫–∞ –∫–ª—É–±–Ω–∏–∫–∏ –∏ –∫–æ—Å—Ç–∏ –º–∞—Ä–∞–∫—É–∏.....–¥–æ–±–∞–≤–æ–∫ –∫ —ç—Ç–æ–º—É —Ç–æ–ø–∏–∫—É/–∂–µ–ª–µ/–±–æ–≥—É –Ω–∞–¥–æ –¥–æ–±–∞–≤–ª—è—Ç—å –∑–∞ –¥–æ–ø —Ü–µ–Ω—É. –¢–æ –µ—Å—Ç—å 500 —Å —á–µ–º-—Ç–æ —Ä—É–±–ª–µ–π –æ—Ç–¥–∞—ë—à—å –ø—Ä–æ—Å—Ç–æ –∑–∞ —Å–∏—Ä–æ–ø–æ–º —Ö–∏–º–æ–∑–Ω—ã–π , –≤–æ–¥—É –∏ —á–∞–π.",1.0
0,https://yandex.lv/maps/org/jinju_bubble_tea/232950636517/reviews,"–ü–æ—Å–µ—Ç–∏–ª–∞ –¥–∞–Ω–Ω–æ–µ –∑–∞–≤–µ–¥–µ–Ω–∏–µ –≤ –ø–µ—Ä–≤—ã–π —Ä–∞–∑ –∏ –±—ã–ª–∞ –ø—Ä–∏—è—Ç–Ω–æ —É–¥–∏–≤–ª–µ–Ω–∞ –∫–∞—á–µ—Å—Ç–≤–æ–º –Ω–∞–ø–∏—Ç–∫–∞ –∏ –æ–±—Å–ª—É–∂–∏–≤–∞–Ω–∏–µ–º: —Ä–∞–∑–Ω–æ–æ–±—Ä–∞–∑–Ω–æ–µ –º–µ–Ω—é, –∫–∞—Å—Å–∏—Ä –ø–æ–º–æ–≥–ª–∞ —Å–æ—Ä–∏–µ–Ω—Ç–∏—Ä–æ–≤–∞—Ç—å—Å—è, —Å–¥–µ–ª–∞–ª–∏ –±—ã—Å—Ç—Ä–æ –∏ –≤–∫—É—Å–Ω–æ. –û–±—è–∑–∞—Ç–µ–ª—å–Ω–æ –≤–µ—Ä–Ω—É—Å—å —Å—é–¥–∞ –µ—â–µ —Ä–∞–∑, –ø–æ–ø—Ä–æ–±—É—é –¥—Ä—É–≥–∏–µ –Ω–∞–ø–∏—Ç–∫–∏",5.0
1,https://yandex.lv/maps/org/jinju_bubble_tea/232950636517/reviews,"–ú–∏–ª–æ–µ –∑–∞–≤–µ–¥–µ–Ω–∏–µ, –º–µ—Å—Ç–æ–ø–æ–ª–æ–∂–µ–Ω–∏–µ —Å—É–ø–µ—Ä
–•–æ—Ä–æ—à–∏–π –ø–µ—Ä—Å–æ–Ω–∞–ª, –Ω–∞–ø–∏—Ç–æ–∫ –≥–æ—Ç–æ–≤–∏—Ç—Å—è –±—ã—Å—Ç—Ä–æ (–æ–∫–æ–ª–æ 7 –º–∏–Ω—É—Ç)
4 –∑–∞ –º–µ–Ω—é, –Ω–µ—Å–º–æ—Ç—Ä—è –Ω–∞ —Ö–æ—Ä–æ—à–∏–π –º–∏–Ω–∏-–±–∞—Ä —Å–æ —Å–Ω–µ–∫–∞–º–∏, —Å–∞–º–∏ –Ω–∞–ø–∏—Ç–∫–∏ –º–æ–≥–ª–∏ –±—ã –±—ã—Ç—å –ø–æ—Ä–∞–∑–Ω–æ–æ–±—Ä–∞–∑–Ω–µ–µ 
–¶–µ–Ω—ã —Å—Ä–µ–¥–Ω–∏–µ 
–ê —Ç–∞–∫ –º–µ—Å—Ç–æ —Ö–æ—Ä–æ—à–µ–µ, —Ä–µ–∫–æ–º–µ–Ω–¥—É—é",4.0
2,https://yandex.lv/maps/org/jinju_bubble_tea/232950636517/reviews,"–•–æ—Ä–æ—à–µ–µ –∏ –ø—Ä–∏—è—Ç–Ω–æ–µ –º–µ—Å—Ç–æ —Å –±–æ–ª—å—à–∏–º –≤—ã–±–æ—Ä–æ–º —á–∞—è, –∫–æ—Ñ–µ –∏ –±–æ–±—ã. –í –æ—Ç–ª–∏—á–∏–∏ –æ—Ç –æ—Å—Ç–∞–ª—å–Ω—ã—Ö –∑–∞–≤–µ–¥–µ–Ω–∏–π –≤ –∫–æ—Ç–æ—Ä—ã—Ö —è –±—ã–≤–∞–ª, –∑–¥–µ—Å—å –≤—Å–µ–≥–¥–∞ –º—è–≥–∫–∞—è —Ç–∞–ø–∏–æ–∫–∞ –∏ –∏–º–µ–Ω–Ω–æ —Ç–∞–∫—É—é —è –æ–±–æ–∂–∞—é) —Ö–æ—Ç—è –≤ –æ—Ç–ª–∏—á–∏–∏ –æ—Ç –∏—Ö –∂–µ –∑–∞–≤–µ–¥–µ–Ω–∏—è –Ω–∞ –ø—Ä–æ—Å–ø–µ–∫—Ç–µ –º–∏—Ä–∞, –∑–¥–µ—Å—å –∏–Ω–æ–≥–¥–∞ –ø–µ—Ä–µ–≤–∞—Ä–∏–≤–∞—é—Ç –∏ –æ–Ω–∞ —É–∂–µ —Å–æ–≤—Å–µ–º –ø–æ—á—Ç–∏ –Ω–µ –¥–µ—Ä–∂–∞—Ç —Ñ–æ—Ä–º—É. –ù–µ –∫–∞–∂–¥–æ–º—É —Ç–∞–∫–æ–µ –∑–∞–π–¥–µ—Ç.

–ö—Ä–æ–º–µ —Ç–æ–≥–æ, —Å–ø–∞—Å–∏–±–æ –ø–æ–Ω–∏–º–∞—é—â–∏–º —Ä–∞–±–æ—Ç–Ω–∏–∫–∞–º. –ú–æ—é –ø–æ–¥—Ä—É–≥—É –≤–Ω–µ–∑–∞–ø–Ω–æ —Ö–≤–∞—Ç–∏–ª–∞ –ø–∞–Ω–∏—á–µ—Å–∫–∞—è –∞—Ç–∞–∫–∞ –∏ —Ç–æ—Ç –ø–æ–±–µ—Å–ø–æ–∫–æ–∏–ª—Å—è, –ø—Ä–µ–¥–ª–æ–∂–∏–≤ –ø—Ä–∏–Ω–µ—Å—Ç–∏ –≤–æ–¥—ã. –ó–∞ —ç—Ç–æ –æ–ø—Ä–µ–¥–µ–ª–µ–Ω–Ω–æ —Å–ø–∞—Å–∏–±–æ.",5.0
3,https://yandex.lv/maps/org/jinju_bubble_tea/232950636517/reviews,–ö—Ä–∞—Å–∏–≤–æ. –£—é—Ç–Ω–æ. –ö—Ä–∞—Å–∏–≤—ã–µ –æ—Ñ–∏—Ü–∏–∞–Ω—Ç—ã. –ù–µ–Ω–∞–≤—è–∑—á–∏–≤–æ –Ω–æ –æ—á–µ–Ω—å –ø—Ä–∏—è—Ç–Ω–æ –æ–±—Å–ª—É–∂–∏–≤–∞—é—Ç. –û—Å–æ–±–µ–Ω–Ω–æ —Å –±–æ—Ä–æ–¥–æ–π –∏ –≥–æ–ª—É–±—ã–º–∏ –≥–ª–∞–∑–∞–º–∏. –í—Å–µ —Å—É–ø–µ—Ä. –ò –≤–∏–¥—ã —Å —Ç–µ—Ä—Ä–∞—Å—ã —Ç–æ–∂–µ!,5.0
4,https://yandex.lv/maps/org/jinju_bubble_tea/232950636517/reviews,"–ö–ª–∞—Å—Å–Ω–æ–µ –º–µ—Å—Ç–æ! –†–µ–±—è—Ç–∞ —Å–∞–º–∏ –¥–µ–ª–∞—é—Ç —Ç–∞–ø–∏–æ–∫—É, –ø—Ä–∏—á—ë–º –æ—á–µ–Ω—å –≤–∫—É—Å–Ω—É—é. –ë—Ä–∞–ª–∞ —Ç–∞—Ä–æ —Å –∫–∞—Ä–∞–º–µ–ª—å–Ω–æ–π —Ç–∞–ø–∏–æ–∫–æ–π, –ø—Ä—è–º –Ω–µ –ø—Ä–∏–¥—Ä–∞—Ç—å—Å—è. –í–Ω—É—Ç—Ä–∏ –º–µ—Å—Ç–∞ –Ω–µ —Ç–∞–∫ –º–Ω–æ–≥–æ, –Ω–æ –æ—á–µ–Ω—å —É—é—Ç–Ω–æ)",5.0
5,https://yandex.lv/maps/org/jinju_bubble_tea/232950636517/reviews,"–ü—Ä–∏—è—Ç–Ω—ã–π –ø–µ—Ä—Å–æ–Ω–∞–ª, –∫–æ—Ç–æ—Ä—ã–π –ø–æ–º–æ–≥ –æ–ø—Ä–µ–¥–µ–ª–∏—Ç—å—Å—è —Å –≤—ã–±–æ—Ä–æ–º –Ω–∞–ø–∏—Ç–∫–æ–≤, –ø—Ä–∏—è—Ç–Ω–æ–µ –∫—Ä–∞—Å–∏–≤–æ–µ –æ—Ñ–æ—Ä–º–ª–µ–Ω–∏–µ –∏ –æ—Å–≤–µ—â–µ–Ω–∏–µ. –û—á–µ–Ω—å –ø–æ–Ω—Ä–∞–≤–∏–ª–∞—Å—å –º—É–∑—ã–∫–∞\—Ä–∞–¥–∏–æ. –ù–∞–ø–∏—Ç–∫–∏ —Ç–æ–∂–µ –æ—á–µ–Ω—å –≤–∫—É—Å–Ω—ã–µ",5.0
6,https://yandex.lv/maps/org/jinju_bubble_tea/232950636517/reviews,"–ö—Ä–∞—Å–∏–≤—ã–π –¥–∏–∑–∞–π–Ω –∏ –Ω–µ–ø–ª–æ—Ö–∏–µ –Ω–∞–ø–∏—Ç–∫–∏, –Ω–æ –≥—Ä—è–∑–Ω—ã–π –∑–∞–ª –∏ –Ω–µ–ø—Ä–∏—è—Ç–Ω—ã–π –ø–µ—Ä—Å–æ–Ω–∞–ª.
–ó–∞—à–ª–∏ —Å –ø–æ–¥—Ä—É–≥–æ–π –≤—ã–ø–∏—Ç—å —á–µ–≥–æ-—Ç–æ –≥–æ—Ä—è—á–µ–≥–æ –∏ —Å–∫—É—à–∞—Ç—å –ø–æ –¥–µ—Å–µ—Ä—Ç—É. –í –∏—Ç–æ–≥–µ, –∂–¥–∞–ª–∏ –ø–æ—á—Ç–∏ –ø–æ–ª —á–∞—Å–∞, –ø—Ä–∏ —Ç–æ–º, —á—Ç–æ –ª—é–¥–µ–π –ø–æ—á—Ç–∏ –Ω–µ –±—ã–ª–æ. –°–≤–µ—Ç–ª—ã–π –∏–Ω—Ç–µ—Ä—å–µ—Ä –∫–æ—Ñ–µ–π–Ω–∏ –æ—á–µ–Ω—å –ø–æ—Ä—Ç—è—Ç –º–Ω–æ–∂–µ—Å—Ç–≤–µ–Ω–Ω—ã–µ —Å–ª–µ–¥—ã –∏ –ø—ã–ª—å. –¢–∞–∫–∂–µ —Ö–æ—á—É –æ—Ç–º–µ—Ç–∏—Ç—å –≥—Ä–æ–º–∫—É—é –º—É–∑—ã–∫—É. –Ø –ø–æ–Ω–∏–º–∞—é, —á—Ç–æ –≤ –ø–æ–¥–æ–±–Ω—ã—ä –º–µ—Å—Ç–∞—Ö –≤—Å–µ–≥–¥–∞ –∏–≥—Ä–∞–µ—Ç –∫–∞–∫–∞—è-—Ç–æ –º—É–∑—ã–∫–∞ –Ω–∞ —Ñ–æ–Ω–µ, –Ω–æ –Ω–µ —Ç–∞–∫ –∂–µ –≥—Ä–æ–º–∫–æ, –∫–∞–∫ –≤ –∫–ª—É–±–µ",2.0
7,https://yandex.lv/maps/org/jinju_bubble_tea/232950636517/reviews,"–æ—á–µ–Ω—å –∞—Ç–º–æ—Å—Ñ–µ—Ä–Ω–æ–µ –º–µ—Å—Ç–æ, –∫—Ä–∞—Å–∏–≤–æ –æ—Ñ–æ—Ä–º–ª–µ–Ω–æ, –æ—á–µ–Ω—å –≤–∫—É—Å–Ω–æ, —Ä–µ–∫–æ–º–µ–Ω–¥—É—é, –º–Ω–µ –ø–æ–Ω—Ä–∞–≤–∏–ª–æ—Å—å, –µ—Å—Ç—å –≤—ã–±–æ—Ä –≤—Å—è–∫–∏—Ö –≤–∫—É—Å–Ω—è—à–µ–∫ –±–∞–±–ª —Ç–∏ –æ—á–µ–Ω—å –≤–∫—É—Å–Ω—ã–π, —Å–ø–∞—Å–∏–±–æ",5.0
8,https://yandex.lv/maps/org/jinju_bubble_tea/232950636517/reviews,"–ö–∞—Ñ–µ Jiniu –ø—Ä–æ—Å—Ç–æ —É–¥–∏–≤–∏—Ç–µ–ª—å–Ω–æ–µ –º–µ—Å—Ç–æ!
–ù–µ–≤–µ—Ä–æ—è—Ç–Ω–æ —É—é—Ç–Ω–∞—è –∞—Ç–º–æ—Å—Ñ–µ—Ä–∞, –ø—Ä–µ–∫—Ä–∞—Å–Ω—ã–π –∏–Ω—Ç–µ—Ä—å–µ—Ä –∏, –∫–æ–Ω–µ—á–Ω–æ –∂–µ, –≤–æ—Å—Ö–∏—Ç–∏—Ç–µ–ª—å–Ω—ã–π –±–∞–±–ª —Ç–∏. –Ø –±—ã–ª–∞ –ø–æ—Ä–∞–∂–µ–Ω–∞ –≤–∫—É—Å–∞–º–∏ –Ω–∞–ø–∏—Ç–∫–æ–≤ üíî. –û—á–µ–Ω—å —Å–æ–≤–µ—Ç—É—é –ø–æ–ø—Ä–æ–±–æ–≤–∞—Ç—å —Ç–∞—Ä–æ –±–∞–±–ª —Ç–∏ –∏ –º–∞—Ç—á—É .–û–±—Å–ª—É–∂–∏–≤–∞–Ω–∏–µ —Ç–∞–∫–∂–µ –Ω–∞ –≤—ã—Å—à–µ–º —É—Ä–æ–≤–Ω–µ, –ø–µ—Ä—Å–æ–Ω–∞–ª –±—ã–ª –æ—á–µ–Ω—å –¥—Ä—É–∂–µ–ª—é–± –∏ –ø—Ä–∏–≤–µ—Ç–ª–∏–≤. –Ø –æ–±—è–∑–∞—Ç–µ–ª—å–Ω–æ –≤–µ—Ä–Ω—É—Å—å —Å—é–¥–∞ —Å–Ω–æ–≤–∞, —á—Ç–æ–±—ã –Ω–∞—Å–ª–∞–¥–∏—Ç—å—Å—è —ç—Ç–∏–º –∑–∞–º–µ—á–∞—Ç–µ–ª—å–Ω—ã–º –Ω–∞–ø–∏—Ç–∫–æ–º –∏ –∞—Ç–º–æ—Å—Ñ–µ—Ä–æ–π –∫–∞—Ñ–µ jinju ü§ç",5.0
9,https://yandex.lv/maps/org/jinju_bubble_tea/232950636517/reviews,"–û—á–µ–Ω—å –ø—Ä–∏—è—Ç–Ω–æ–µ –º–µ—Å—Ç–æ! –†–µ—à–∏–ª–∞ –∑–∞–≥–ª—è–Ω—É—Ç—å, –ø—Ä–æ—Ö–æ–¥—è –º–∏–º–æ –∏ –æ—Å—Ç–∞–ª–∞—Å—å –≤ –≤–æ—Å—Ç–æ—Ä–≥–µ. –í—ã–±–æ—Ä –Ω–∞ –ª—é–±–æ–µ –Ω–∞—Å—Ç—Ä–æ–µ–Ω–∏–µ, –ø–æ–º–æ–≥–ª–∏ –æ–ø—Ä–µ–¥–µ–ª–∏—Ç—å—Å—è —Å –Ω–∞–ø–∏—Ç–∫–æ–º –∏ —Å–¥–µ–ª–∞–ª–∏ –±–µ–∑—É–ø—Ä–µ—á–Ω–æ –≤–∫—É—Å–Ω–æ! –ü—Ä–µ–∫—Ä–∞—Å–Ω–æ –≤—Å–µ : –æ—Ç –¥—Ä—É–∂–µ–ª—é–±–Ω–æ–π –∞—Ç–º–æ—Å—Ñ–µ—Ä—ã –∏ —Å–æ—Ç—Ä—É–¥–Ω–∏–∫–æ–≤ –¥–æ –∫–∞—á–µ—Å—Ç–≤–∞ –Ω–∞–ø–∏—Ç–∫–æ–≤. –°–ø–∞—Å–∏–±–æ –∑–∞ –Ω–∞—Å—Ç—Ä–æ–µ–Ω–∏–µ! 
–û–±—è–∑–∞—Ç–µ–ª—å–Ω–æ –≤–µ—Ä–Ω—É—Å—å ‚ù§Ô∏è‚Äçüî•",5.0
10,https://yandex.lv/maps/org/jinju_bubble_tea/232950636517/reviews,"–û–¥–Ω–∞ –∏–∑ –ª—É—á—à–∏—Ö —Ç–∞–ø–∏–æ–∫ –∫–æ—Ç–æ—Ä—ã–µ –µ—Å—Ç—å –≤ –º—Å–∫. –ù–æ —Å–∏–ª—å–Ω–æ –∏—Å–ø–æ—Ä—Ç–∏–ª–æ –≤–ø–µ—á–∞—Ç–ª–µ–Ω–∏–µ –Ω–∞–ø–∏—Ç–æ–∫ ""—è–∏—á–Ω—ã–π –ø—É–¥–∏–Ω–≥ —Å —Ç–∞–ø–∏–æ–∫–æ–π) –≤–∑—è–ª–∞ –±–æ–ª—å—à–æ–π –∑–∞ 600. –ê –≤ –∫–æ–Ω–µ—á–Ω–æ–º –∏—Ç–æ–≥–µ —ç—Ç–æ –ø—Ä–æ—Å—Ç–æ —Ç–∞–ø–∏–æ–∫–∞ —Å —Ö–æ–ª–æ–¥–Ω—ã–º –º–æ–ª–æ–∫–æ–º( –ª–∏–±–æ –º–∞–ª–æ –ø—É–¥–∏–Ω–≥–∞ –ø–æ–¥–æ–ª–∂–∏–ª–∏, –ª–∏–±–æ —Ä–∞—Å—Ç–≤–æ—Ä–∏–ª—Å—è –ø—É–¥–∏–Ω–≥, –Ω–æ –º—ã –ø–∏–ª–∏ –ø–æ–∫–∞ —à–ª–∏(( –∏ –≤ –∫–æ–Ω–µ—á–Ω–æ–º –∏—Ç–æ–≥–µ –Ω–∞—Å—Ç—Ä–æ–µ–Ω–∏–µ –±—ã–ª–æ —Å–∏–ª—å–Ω–æ –∏—Å–ø–æ—Ä—á–µ–Ω–æ. –ü–æ–ø–∞–¥–∞–µ—Ç—Å—è —Å–æ–≤—Å–µ–º —á—É—Ç—å —á—É—Ç—å. –ú–æ–∏ –¥—Ä—É–∑—å—è, –∫—Ç–æ –ø–æ–ø—Ä–æ–±–≤–∞–ª —Ç–æ–∂–µ –±—ã–ª–∏ —É–¥–∏–≤–ª–µ–Ω—ã(

–ù–∞–¥–µ—é—Å—å –≤—ã –ø–æ–ø—Ä–∞–≤–∏—Ç–µ –¥–∞–Ω–Ω—É—é –ø–æ–∑–∏—Ü–∏—é(",3.0
11,https://yandex.lv/maps/org/jinju_bubble_tea/232950636517/reviews,"–ú–µ—Å—Ç–æ –±–µ–∑—É–º–Ω–æ –∫–ª–∞—Å—Å–Ω–æ–µ. –£–∑–Ω–∞–ª–∞ –æ –Ω—ë–º 1-2 –≥–æ–¥–∞ –Ω–∞–∑–∞–¥ –±–ª–∞–≥–æ–¥–∞—Ä—è –ø–æ–¥—Ä—É–≥–∏. –ê—Ç–º–æ—Å—Ñ–µ—Ä–∞ —Å–∞–º–∞ –ø–æ —Å–µ–±–µ –∫–ª–∞—Å—Å–Ω–∞—è –∏ –∑–∞–º–µ—á–∞—Ç–µ–ª—å–Ω–∞—è,–æ—Å–æ–±–µ–Ω–Ω–æ –Ω—Ä–∞–≤–∏—Ç—Å—è —Ñ–æ–Ω—Ç–∞–Ω—á–∏–∫. –ù–∞–ø–∏—Ç–∫–∏ - —Å—É–ø–µ—Ä,–Ω–∞ –ª—é–±–æ–π –≤–∫—É—Å –∏ —Ü–≤–µ—Ç –∫–∞–∫ –≥–æ–≤–æ—Ä–∏—Ç—å—Å—è. –°–∞–º–æ–µ –∫–ª–∞—Å—Å–Ω–æ–µ —ç—Ç–æ —Ç–æ,—á—Ç–æ –µ—Å—Ç—å –¥–æ—Å—Ç–∞—Ç–æ—á–Ω–æ –±–æ–ª—å—à–æ–π –≤—ã–±–æ—Ä –∞–∑–∏–∞—Ç—Å–∫–æ–π –µ–¥—ã. –í –æ–±—â–µ–º - –º–µ—Å—Ç–æ –æ—Ç–ª–∏—á–Ω–æ–µ –∏ —Ä–µ–∫–æ–º–µ–Ω–¥—É—é —Å—Ö–æ–¥–∏—Ç—å —Ç–µ–º,–∫—Ç–æ —Ö–æ—á–µ—Ç –ø–æ–ø—Ä–æ–±–æ–≤–∞—Ç—å —á—Ç–æ-—Ç–æ –Ω–æ–≤–æ–µ.",5.0
12,https://yandex.lv/maps/org/jinju_bubble_tea/232950636517/reviews,"–ü–æ –≤–∫—É—Å—É –≤—Å–µ –Ω–µ–ø–ª–æ—Ö–æ, –Ω–æ –ø–µ—Ä—Å–æ–Ω–∞–ª –ø–æ—Ä—Ç–∏—Ç –≤—Å–µ –≤–ø–µ—á–∞—Ç–ª–µ–Ω–∏–µ –∏ –æ—Ç–±–∏–≤–∞–µ—Ç –≤—Å—è–∫–æ–µ –∂–µ–ª–∞–Ω–∏–µ –≤–æ–∑–≤—Ä–∞—â–∞—Ç—å—Å—è –∏ –ø–æ–ø—Ä–æ–±–æ–≤–∞—Ç—å –¥—Ä—É–≥–∏–µ –Ω–∞–ø–∏—Ç–∫–∏, –∫–æ—Ç–æ—Ä—ã—Ö, –∫—Å—Ç–∞—Ç–∏, –¥–æ—Å—Ç–∞—Ç–æ—á–Ω–æ –º–Ω–æ–≥–æ –≤ –º–µ–Ω—é. 
–î–µ–≤—É—à–∫–∞ –∑–∞ –∫–∞—Å—Å–æ–π –Ω–µ –º–æ–≥–ª–∞ –æ—Ç–≤–µ—Ç–∏—Ç—å –Ω–∏ –Ω–∞ –æ–¥–∏–Ω –≤–æ–ø—Ä–æ—Å, –≥–æ–≤–æ—Ä–∏–ª–∞ –æ—á–µ–Ω—å —Ç–∏—Ö–æ, —Å–µ–±–µ –ø–æ–¥ –Ω–æ—Å, –ø–µ—Ä–µ–ø—É—Ç–∞–ª–∞ —Ä–∞–∑–º–µ—Ä –º–æ–µ–≥–æ –∑–∞–∫–∞–∑–∞ (—è –∑–∞–ø–ª–∞—Ç–∏–ª–∞ –∑–∞ L, –º–Ω–µ —Å–¥–µ–ª–∞–ª–∏ –ú), –ø–µ—Ä–µ–¥–æ –º–Ω–æ–π –±—ã–ª–æ –ø–µ—Ä–µ–ø—É—Ç–∞–Ω–æ –µ—â–µ 2 –∑–∞–∫–∞–∑–∞. –Ø –Ω–µ —Å—Ç–∞–ª–∞ –∂–¥–∞—Ç—å –ø–µ—Ä–µ–¥–µ–ª–∫–∏ –∏ —É—à–ª–∞, —Ç–∞–∫ –∫–∞–∫ –∏—Ç–∞–∫ –ø—Ä–æ–≤–µ–ª–∞ –≤ —ç—Ç–æ–º –∑–∞–≤–µ–¥–µ–Ω–∏–∏ 20 –º–∏–Ω, —Ö–æ—Ç—è –ø–µ—Ä–µ–¥–æ –º–Ω–æ–π –±—ã–ª–æ –≤—Å–µ–≥–æ 2 —á–µ–ª–æ–≤–µ–∫–∞.

–í—Å–µ-—Ç–∞–∫–∏ –∫–∞–∫ –º–Ω–æ–≥–æ –∑–∞–≤–∏—Å–∏—Ç –æ—Ç –ø–µ—Ä—Å–æ–Ω–∞–ª–∞.",2.0
13,https://yandex.lv/maps/org/jinju_bubble_tea/232950636517/reviews,"–ù–µ–∂–Ω–∞—è –∏ –º—è–≥–∫–∞—è —Ç—è–≥—É—á–∞—è —Ç–∞–ø–∏–æ–∫–∞, –ø—Ä–∏—è—Ç–Ω–æ–µ –∫–∞—á–µ—Å—Ç–≤–æ —Å–∞–º–æ–≥–æ –Ω–∞–ø–∏—Ç–∫–∞. –°–¥–µ–ª–∞–ª–∏ –±—ã—Å—Ç—Ä–æ. –ù—Ä–∞–≤–∏—Ç—Å—è —Ñ–∏—Ä–º–µ–Ω–Ω—ã–π —Å—Ç–∞–∫–∞–Ω, —É–¥–æ–±–Ω—ã–π. –ë–ª–∞–≥–æ–¥–∞—Ä–Ω–æ—Å—Ç—å —Å–æ—Ç—Ä—É–¥–Ω–∏–∫–∞–º!",5.0
14,https://yandex.lv/maps/org/jinju_bubble_tea/232950636517/reviews,"–ù–∞–ø–∏—Ç–æ–∫ –æ—á–µ–Ω—å –≤–∫—É—Å–Ω—ã–π, –∑–∞–∫–∞–∑–∞–ª–∞ —Ö–æ–ª–æ–¥–Ω—ã–π —á–∞–π —Å —è–∏—á–Ω–æ–π –ø–µ–Ω–æ–π –∏ –∫–æ–∫–æ—Å–æ–≤–æ–π —Å—Ç—Ä—É–∂–∫–æ–π ‚Äî –±–æ–¥—Ä—è—â–∏–π, –Ω–µ –æ—á–µ–Ω—å —Å–ª–∞–¥–∫–∏–π, –ø—Ä–∏—è—Ç–Ω—ã–π, –≤—Å–µ–º —Å–æ–≤–µ—Ç—É—é! –ù–æ, –≤–æ—Ç, –ø–µ—Ä—Å–æ–Ω–∞–ª ‚Äî —ç—Ç–æ, –∫–æ–Ω–µ—á–Ω–æ, –æ—Ç–¥–µ–ª—å–Ω–∞—è –∏—Å—Ç–æ—Ä–∏—è)) –æ—á–µ–Ω—å –≤—è–ª—ã–µ, –Ω–µ–æ—Ö–æ—Ç–Ω–æ –∏–¥—É—Ç –Ω–∞ –∫–æ–º–º—É–Ω–∏–∫–∞—Ü–∏—é, —Ö–æ—Ç—è –∏—Ö —Ç–∞–º, –≤—Ä–æ–¥–µ, –∞–∂ 4 —á–µ–ª–æ–≤–µ–∫–∞! –î–∞–≤–Ω–æ —Ç–∞–∫–æ–≥–æ –≤ –∫–æ—Ñ–µ–π–Ω—è—Ö –Ω–µ –≤–∏–¥–µ–ª–∞ ‚Äî –¥–∞–∂–µ –Ω–µ–º–Ω–æ–≥–æ —É–¥–∏–≤–∏–ª–∞—Å—å",4.0
15,https://yandex.lv/maps/org/jinju_bubble_tea/232950636517/reviews,"–ò–∑ –ø–ª—é—Å–æ–≤, —ç—Ç–æ –æ–±—â–∏–π –∞–Ω—Ç—É—Ä–∞–∂ –∫–∞—Ñ–µ. –ù–∞ —ç—Ç–æ–º –≤—Å—ë

–ú–∏–Ω—É—Å—ã: –≥—Ä–æ–º–∫–∞—è –º—É–∑—ã–∫–∞, –ø–µ—Ä—Å–æ–Ω–∞–ª

–û—á–µ–Ω—å —á–∞—Å—Ç–æ –Ω–µ —Ä–∞–±–æ—Ç–∞—é—Ç —Ç–µ—Ä–º–∏–Ω–∞–ª —Å –æ–ø–ª–∞—Ç–æ–π. –ó–∞—Ö–æ–∂—É —Ç—Ä–µ—Ç–∏–π —Ä–∞–∑ (–≤ —Ç–µ—á–µ–Ω–∏–∏ –º–µ—Å—è—Ü–∞) –∏ –≤—Å–µ —ç—Ç–∏ —Ä–∞–∑—ã –ø—Ä–æ—Å—è—Ç –æ–ø–ª–∞—Ç–∏—Ç—å –ø–µ—Ä–µ–≤–æ–¥–æ–º –Ω–∞ –∫–∞—Ä—Ç—É. –ò –∫–∞–∂–¥—ã–π —Ä–∞–∑ –æ–± —ç—Ç–æ–º –≥–æ–≤–æ—Ä—è—Ç —Ç–æ–ª—å–∫–æ –ø–æ—Å–ª–µ –æ—Ñ–æ—Ä–º–ª–µ–Ω–∏—è –∑–∞–∫–∞–∑–∞, –∞ –Ω–µ –î–û!

–ú—ã –ø—Ä–∏—à–ª–∏ —Å –ø–æ–¥—Ä—É–≥–æ–π –ø–æ—Å–∏–¥–µ—Ç—å, –≤ –∫–∞—Ñ–µ –±—ã–ª–∏ –æ–¥–Ω–∏. –ù–∞ –Ω–∞—à—É –ø—Ä–æ—Å—å–±—É —Å–¥–µ–ª–∞—Ç—å –º—É–∑—ã–∫—É –ø–æ—Ç–∏—à–µ, —á—Ç–æ–±—ã –º—ã –º–æ–≥–ª–∏ –ø–æ–≥–æ–≤–æ—Ä–∏—Ç—å, —Å—Ç–∞—Ä—à–∏–π –ø–æ —ç—Ç–æ–π —Ç–æ—á–∫–µ —Å–¥–µ–ª–∞–ª –∑–∞–º–µ—á–∞–Ω–∏–µ –ù–ê–ú (–ø–æ—Å–µ—Ç–∏—Ç–µ–ª—è–º), —á—Ç–æ —ç—Ç–æ –∫–∞—Ñ–µ –∏ —Ç—É—Ç –ø—Ä–æ—Å—Ç–æ –æ–±—è–∑–∞–Ω–∞ –∏–≥—Ä–∞—Ç—å –º—É–∑—ã–∫–∞ –∫–∞–∫ –≤ –∫–ª—É–±–µ –Ω–∞ –¥–∏—Å–∫–æ—Ç–µ–∫–µ –∏ –¥–µ–º–æ–Ω—Å—Ç—Ä–∞—Ç–∏–≤–Ω–æ —Å–¥–µ–ª–∞–ª –µ–µ –µ—â—ë –≥—Ä–æ–º—á–µ. –í –∏—Ç–æ–≥–µ –Ω–æ—Ä–º–∞–ª—å–Ω–æ –ø–æ—Å–∏–¥–µ—Ç—å –Ω–µ –ø–æ–ª—É—á–∏–ª–æ—Å—å, –ø—Ä–æ—Å—Ç–æ –¥—É–º–∞–µ—à—å –∫–∞–∫ —Ç–∞–º –Ω–µ –æ–≥–ª–æ—Ö–Ω—É—Ç—å –∫–æ–≥–¥–∞ –≥–æ—Ç–æ–≤—è—Ç –Ω–∞–ø–∏—Ç–∫–∏. 

–í –æ–±—â–µ–º, —Å–µ–≥–æ–¥–Ω—è —Ä—É—Ö–Ω—É–ª–∞ –ø–æ—Å–ª–µ–¥–Ω—è—è –Ω–∞–¥–µ–∂–¥–∞ –æ–∂–∏–¥–∞—Ç—å –æ—Ç —ç—Ç–æ–≥–æ –º–µ—Å—Ç–∞ —á–µ–≥–æ-—Ç–æ —Ö–æ—Ä–æ—à–µ–≥–æ. –¢–∞–∫–∂–µ –æ—Ç–º–µ—á—É, —á—Ç–æ –≤ –∫–∞—Ñ–µ –æ—á–µ–Ω—å –ø—ã–ª—å–Ω–æ –∏ –≥—Ä—è–∑–Ω–æ. –ü–æ–ª–∫–∏ –ø–æ—Ö–æ–∂–µ –≤–æ–æ–±—â–µ –Ω–µ –ø—Ä–æ—Ç–∏—Ä–∞—é—Ç –∏ –Ω–∞ –≤—Å–µ—Ö –¥–µ–∫–æ—Ä–∞—Ü–∏—è—Ö —Å–∫–æ–ø–∏–ª—Å—è —Å–ª–æ–π –ø—ã–ª–∏, —Å–æ–æ—Ç–≤–µ—Ç—Å–≤–µ–Ω–Ω–æ –¥—ã—à–∞—Ç—å —ç—Ç–∏–º —Ç–æ–∂–µ –Ω–µ–ø—Ä–∏—è—Ç–Ω–æ",1.0
16,https://yandex.lv/maps/org/jinju_bubble_tea/232950636517/reviews,"–û—Ç–ª–∏—á–Ω–æ–µ –º–µ—Å—Ç–æ,–≤—Å–µ–º —Ä–µ–∫–æ–º–µ–Ω–¥—É—é,–±—ã–ª –Ω–µ—Å–∫–æ–ª—å–∫–æ —Ä–∞–∑ –∏ –≤—Å–µ–≥–¥–∞ –æ—á–µ–Ω—å –≤–∫—É—Å–Ω–æ,–ø–æ—Å–ª–µ —ç—Ç–æ–≥–æ –∫–∞—Ñ–µ –≤ –¥—Ä—É–≥–∏–µ –º–µ—Å—Ç–∞ –Ω–µ —Ö–æ—á–µ—Ç—Å—è. –ë—Ä–∞–ª –º–æ–∫–∫–æ —Å –∫–∞—Ä–∞–º–µ–ª—å–Ω–æ–π —Ç–∞–ø–∏–æ–∫–æ–π. –û—á–µ–Ω—å –ø–æ–Ω—Ä–∞–≤–∏–ª–æ—Å—å —ç—Ç–æ –º–µ—Å—Ç–æ,–¥–µ–π—Å—Ç–≤–∏—Ç–µ–ª—å–Ω–æ –≤–∫—É—Å–Ω—ã–µ –Ω–∞–ø–∏—Ç–∫–∏.",5.0
17,https://yandex.lv/maps/org/jinju_bubble_tea/232950636517/reviews,"–ù–µ–º–Ω–æ–≥–æ —Ä–∞—Å—Ç–µ—Ä—è–ª—Å—è –≤ –º–µ–Ω—é, –Ω–æ –¥—Ä—É–∂–µ–ª—é–±–Ω—ã–π —Å–æ—Ç—Ä—É–¥–Ω–∏–∫ –≤—Å–µ –¥–æ—Å—Ç—É–ø–Ω–æ –æ–±—ä—è—Å–Ω–∏–ª. 
–í –∏—Ç–æ–≥–µ —è –≤–∑—è–ª –∫—Ä–µ–º-–∫–µ–π–∫ –ª–∞—Ç—Ç–µ —Å —Ç–∞–ø–∏–æ–∫–æ–π. –ù–∏–∫–æ–≥–¥–∞ —Ç–∞–∫–æ–≥–æ –Ω–µ –ø—Ä–æ–±–æ–≤–∞–ª –∏ —Ä–µ—à–∏–ª —Ä–∏—Å–∫–Ω—É—Ç—å.
–ù–µ —Ö–≤–∞—Ç–∏—Ç —Å–ª–æ–≤ –≤—ã—Ä–∞–∑–∏—Ç—å –≤–æ—Å—Ç–æ—Ä–≥ –æ—Ç –≤–∫—É—Å–∞ –Ω–∞–ø–∏—Ç–∫–∞. –Ø –æ–±—è–∑–∞—Ç–µ–ª—å–Ω–æ –≤–µ—Ä–Ω—É—Å—å —á—Ç–æ–± –∏—Å–ø—ã—Ç–∞—Ç—å —ç—Ç–æ —É–¥–æ–≤–æ–ª—å—Å—Ç–≤–∏–µ —Å–Ω–æ–≤–∞
–¢–∞–ø–∏–æ–∫–∞ –ø—Ä–æ—Å—Ç–æ –±–æ–º–±–∏—á–µ—Å–∫–∞—è –Ω–∞ –≤–∫—É—Å

–°–Ω–∏–∂–∞—é –Ω–µ–º–Ω–æ–≥–æ –æ—Ü–µ–Ω–∫—É –∑–∞ –¥–æ–ª–≥–æ–µ –æ–∂–∏–¥–∞–Ω–∏–µ –∏ —Å–ª–æ–º–∞–Ω–Ω—ã–π —Å—Ç—É–ª –ø–æ—Å—Ä–µ–¥–∏ –∑–∞–ª–∞.",4.0
18,https://yandex.lv/maps/org/jinju_bubble_tea/232950636517/reviews,"–î–æ—Å—Ç–∞—Ç–æ—á–Ω–æ –º–∏–ª–æ–µ –∏ –ø—Ä–∏—è—Ç–Ω–æ–µ –∑–∞–≤–µ–¥–µ–Ω–∏–µ. –ù–∞–ø–∏—Ç–∫–∏ –Ω–∞ –≤–∫—É—Å –ø–æ–ª–Ω—ã–π —É–ª—ë—Ç, –∏–≥—Ä–∞–µ—Ç –ø—Ä–∏—è—Ç–Ω–∞—è –º—É–∑—ã–∫–∞, –ø–µ—Ä—Å–æ–Ω–∞–ª –¥–æ—Å—Ç–∞—Ç–æ—á–Ω–æ –≤–µ–∂–ª–∏–≤—ã–π, —Ä–µ–∫–æ–º–µ–Ω–¥—É—é!",5.0
19,https://yandex.lv/maps/org/jinju_bubble_tea/232950636517/reviews,"–£—é—Ç–Ω–æ–µ –∫–∞—Ñ–µ —Å —Ö–æ—Ä–æ—à–∏–º –≤—ã–±–æ—Ä–æ–º –Ω–∞–ø–∏—Ç–∫–æ–≤ –∏ –¥–µ—Å–µ—Ä—Ç–æ–≤ –∫ –Ω–∏–º. –ù–æ –ø–µ—Ä—Å–æ–Ω–∞–ª –Ω–µ —à–∏–ø–∫–æ —Ä–∞—Å—Ç–æ—Ä–æ–ø–Ω—ã–π. –î–ª—è –Ω–∞—à–µ–π –∫–æ–º–ø–∞–Ω–∏–∏ –∏–∑ 4 –¥–µ–≤—É—à–µ–∫ –∑–∞–∫–∞–∑–∞–Ω–Ω—ã–µ –Ω–∞–ø–∏—Ç–∫–∏ –≥–æ—Ç–æ–≤–∏–ª–∏—Å—å –æ—á–µ–Ω—å –º–µ–¥–ª–µ–Ω–Ω–æ‚Ä¶ –†–∞–∑–æ—á–∞—Ä–æ–≤–∞–ª –∫–æ—Ñ–µ. –°–æ—Ç—Ä—É–¥–Ω–∏–∫ –∫–∞—Ñ–µ –æ—Ç–≤–µ—Ç–∏–ª ¬´–∞ —É –Ω–∞—Å —Ç–∞–∫¬ª, –∫–æ–≥–¥–∞ —è —Å–ø—Ä–æ—Å–∏–ª–∞, –ø–æ—á–µ–º—É –∫–æ—Ñ–µ –†–∞—Ñ (–±–æ–ª—å—à–∞—è –ø–æ—Ä—Ü–∏—è) –æ–Ω–∏ –≥–æ—Ç–æ–≤—è—Ç –Ω–∞ –º–æ–ª–æ–∫–µ –∏ –ª–∏—à—å —Å –¥–æ–±–∞–≤–ª–µ–Ω–∏–µ–º –∫–∞–ø–ª–∏ —Å–ª–∏–≤–æ–∫ (—Ç–æ–≥–¥–∞ –∫–∞–∫ –º–æ–ª–æ–∫–∞ —Ç–∞–º –Ω–µ –¥–æ–ª–∂–Ω–æ –±—ã—Ç—å –≤–æ–æ–±—â–µ‚Ä¶)?üôÑ –ù–∞–º–µ—Ä–µ–Ω–Ω–æ–µ —É–¥–µ—à–µ–≤–ª–µ–Ω–∏–µ —Å–µ–±–µ—Å—Ç–æ–∏–º–æ—Å—Ç–∏ –Ω–∞–ø–∏—Ç–∫–∞ –∏ –Ω–µ—Å–æ–æ—Ç–≤–µ—Ç—Å—Ç–≤–∏–µ –∑–∞—è–≤–ª–µ–Ω–Ω–æ–≥–æ –≤–∏–¥–∞ –∫–æ—Ñ–µ. –ö —Ç–æ–º—É –∂–µ –æ–Ω –±—ã–ª —á–µ—Ä–µ—Å—á—É—Ä —Å–ª–∞–¥–∫–∏–ºü•¥",3.0
20,https://yandex.lv/maps/org/jinju_bubble_tea/232950636517/reviews,"–°–æ–≥–ª–∞—à—É—Å—å —Å –Ω–µ–∫–æ—Ç–æ—Ä—ã–º–∏ –æ—Ç–∑—ã–≤–∞–º–∏: 
1. –í—ã–≤–µ—Å–∫–∞ –ø—Ä–∏—è—Ç–Ω–∞—è, –Ω–æ –∑–∞ –Ω–µ–π –∫—Ä–æ–µ—Ç—Å—è –≥—Ä—è–∑–Ω—ã–π –ø–æ–ª –∏ —É–∂–∞—Å–Ω—ã–π –∑–∞–ø–∞—Ö (–µ—Å–ª–∏ –Ω–µ—Ç –≤—ã—Ç—è–∂–∫–∏, —Ç–æ –ø–æ –¥–Ω–æ —Ö–æ—Ç—è –±—ã –ø—Ä–æ–≤–µ—Ç—Ä–∏–≤–∞—Ç—å). –ü—Ä–∏ —ç—Ç–æ–º –∞—Ä–æ–º–∞—Ç: —Å–º–µ—Å—å —Ç—É—à–µ–Ω–æ–π –∫–∞–ø—É—Å—Ç—ã —Å —á–µ–º—É-—Ç–æ.
2. –°–µ—Ä–≤–∏—Å –Ω–µ –æ—á–µ–Ω—å –ø—Ä–∏—è—Ç–Ω—ã–π: –∑–∞–∫–∞–∑ –ø—Ä–∏–Ω–∏–º–∞–µ—Ç –¥–µ–≤—É—à–∫–∞ —Å–æ –≤–∑–≥–ª—è–¥–æ–º –∏–∑-–ø–æ–¥ –ª–æ–±—å—è, —Å –∫–∞–∫–∏–º-—Ç–æ –≤—ã–∑–æ–≤–æ–º. 

–í–æ—â–≤—Ä–∞—â–∞—Ç—å—Å—è —Å—é–¥–∞ –Ω–µ –±—É–¥—É, –ª—É—á—à–µ –ø–æ–π—Ç–∏ –Ω–∞ —Ñ—É–¥-–∫–æ—Ä—Ç –ø–æ–±–ª–∏–∑–æ—Å—Ç–∏ –∏ –∫—É–ø–∏—Ç—å –±–∞–±–ª —Ç–∏ –∏–∑–≤–µ—Å—Ç–Ω–æ–π –º–∞—Ä–∫–∏ –≤ –∫–æ–º—Ñ–æ—Ä—Ç–Ω—ã—Ö —É—Å–ª–æ–≤–∏—è—Ö. 
2. –ù–µ –≤—ã–¥–∞—é—Ç –Ω–∏–∫–∞–∫–∏—Ö –ø–µ–π–¥–∂–µ—Ä–æ–≤, –∑–∞–∫–∞–∑ –æ–±—ä—è–≤–ª—è—é—Ç —Ç–∞–∫ —Ç–∏—Ö–æ, —á—Ç–æ –∫–æ–≥–¥–∞ –ø—Ä–∏ –º–Ω–µ –ø–æ—Å—Ç–∞–≤–∏–ª–∏ –ø–µ—Ä–≤—ã–π –≥–æ—Ç–æ–≤—ã–π —Å—Ç–∞–∫–∞–Ω, –Ω–∏–∫—Ç–æ –∏–∑ —Å–∏–¥—è—â–∏—Ö (–ø–æ–ª–Ω—ã–π –∑–∞–ª) –Ω–µ —Å—Ä–µ–∞–≥–∏—Ä–æ–≤–∞–ª, –ø–æ—Ç–æ–º—É —á—Ç–æ –Ω–µ —É—Å–ª—ã—à–∞–ª. 
3. –ì—Ä–æ–º–∫–∞—è –º—É–∑—ã–∫–∞, –∫–æ—Ç–æ—Ä—É—é —Å—É–¥—è –ø–æ –≤—Å–µ–º—É —Å—Ç–∞–≤—è—Ç –ø–æ –≤–∫—É—Å—É –ø–µ—Ä—Å–æ–Ω–∞–ª–∞, –∞ –Ω–µ –æ—Ä–∏–µ–Ω—Ç–∏—Ä—É—è—Å—å –Ω–∞ –ø–æ—Ç–µ–Ω—Ü–∏–∞–ª—å–Ω—ã–π –ø–æ—Å–µ—Ç–∏—Ç–µ–ª–µ–π, –∏–ª–∏ —Å—Ç–∏–ª—å –∫–∞—Ñ–µ –≤ —Ü–µ–ª–æ–º. 

–ú–æ–π –∑–∞–∫–∞–∑ —Å–¥–µ–ª–∞–ª–∏ –≤ —Ç–µ—á–µ–Ω–∏–µ 11 –º–∏–Ω—É—Ç, –º–æ–ª—á–∞ (–∏–ª–∏ —Ç–∏—Ö–æ —Å–∫–∞–∑–∞–≤) –ø–æ—Å—Ç–∞–≤–∏–ª–∏ –Ω–∞ —Å—Ç–æ–ª. –ü—Ä–∏—à–ª–æ—Å—å —É—Ç–æ—á–Ω–∏—Ç—å —á—Ç–æ —ç—Ç–æ –∏ –∑–∞–±—Ä–∞—Ç—å.",1.0
21,https://yandex.lv/maps/org/jinju_bubble_tea/232950636517/reviews,"–í—Å–µ –ø–æ–Ω—Ä–∞–≤–∏–ª–æ—Å—å. –ü—Ä–æ—á–∏—Ç–∞–ª–∞ –æ—Ç–∑—ã–≤—ã –∏ –±—ã–ª–∞ –Ω–µ–º–Ω–æ–≥–æ –Ω–∞–ø—É–≥–∞–Ω–∞ –∫–∞—Å–∞—Ç–µ–ª—å–Ω–æ —Ä–∞–±–æ—Ç—ã –ø–µ—Ä—Å–æ–Ω–∞–ª–∞, –Ω–æ –º–µ–Ω—è —Ö–æ—Ä–æ—à–æ –æ–±—Å–ª—É–∂–∏–ª–∏ –∏ –¥–æ—Å—Ç–∞—Ç–æ—á–Ω–æ –±—ã—Å—Ç—Ä–æ, –ø—Ä–∏—à–ª–∞ –≤ –±—É–¥–Ω–∏–π –¥–µ–Ω—å",5.0
22,https://yandex.lv/maps/org/jinju_bubble_tea/232950636517/reviews,"18.02 –∑–∞–≥–ª—è–Ω—É–ª–∞ –≤ –∫–æ—Ñ–µ–π–Ω—é, –∑–∞ –∫–∞—Å—Å–æ–π –±—ã–ª–∞ –∑–∞–º–µ—á–∞—Ç–µ–ª—å–Ω–∞—è –¥–µ–≤—É—à–∫–∞ , –æ—á–µ–Ω—å –ø—Ä–∏—è—Ç–Ω–∞—è –∏ –≤–µ–∂–ª–∏–≤–∞—è. 
–ü–æ–±–æ–ª—å—à–µ –±—ã —Ç–∞–∫–∏—Ö —Å–æ—Ç—Ä—É–¥–Ω–∏–∫–æ–≤ , –Ω–∞—Å—Ç—Ä–æ–µ–Ω–∏–µ —Å —É—Ç—Ä–∞ –ø–æ–¥–Ω–∏–º–∞–µ—Ç—Å—è!",5.0
23,https://yandex.lv/maps/org/jinju_bubble_tea/232950636517/reviews,"–æ—á–µ–Ω—å –∞—Ç–º–æ—Å—Ñ–µ—Ä–Ω–æ–µ –º–µ—Å—Ç–æ, –≥–¥–µ –≥–æ—Ç–æ–≤—è—Ç –ø–æ—Ç—Ä—è—Å–∞—é—â–∏–π –±–∞–±–ª —Ç–∏ –ø–æ –¥–æ—Å—Ç—É–ø–Ω—ã–º —Ü–µ–Ω–∞–º! –æ—Ç–∑—ã–≤—á–∏–≤—ã–π –ø–µ—Ä—Å–æ–Ω–∞–ª) –º–Ω–æ–≥–æ –Ω–µ–æ–±—ã—á–Ω—ã—Ö —Å–Ω–µ–∫–æ–≤ –∏–∑ —Å—Ç—Ä–∞–Ω –∞–∑–∏–∏ –¥–ª—è –ø–æ–∫—É–ø–∫–∏) –æ–¥–Ω–æ–∑–Ω–∞—á–Ω–æ —Ä–µ–∫–æ–º–µ–Ω–¥—É—é –∫ –ø–æ—Å–µ—â–µ–Ω–∏—é!",5.0
24,https://yandex.lv/maps/org/jinju_bubble_tea/232950636517/reviews,"–ø–µ—Ä–≤–æ–µ, –∑–∞ —á—Ç–æ —Ö–æ—á—É –æ—Ç–º–µ—Ç–∏—Ç—å –¥–∞–Ω–Ω–æ–µ –∑–∞–≤–µ–¥–µ–Ω–∏–µ —ç—Ç–æ –∑–∞ –ø—Ä–∏—è—Ç–Ω—É—é –∞—Ç–º–æ—Å—Ñ–µ—Ä—É –∏ –º—É–∑—ã–∫—É, –æ–∂–∏–¥–∞–Ω–∏–µ –Ω–µ–º–Ω–æ–≥–æ –¥–æ–ª–≥–æ–µ, –Ω–æ —Ç–µ—Ä–ø–∏–º–æ
–Ω–∞–ø–∏—Ç–∫–∏ –¥–µ–π—Å—Ç–≤–∏—Ç–µ–ª—å–Ω–æ –æ—á–µ–Ω—å –≤–∫—É—Å–Ω—ã–µ, –±–µ—Ä–∏—Ç–µ –æ–±—è–∑–∞—Ç–µ–ª—å–Ω–æ —Å —Ç–∞–ø–∏–æ–∫–æ–π!!",5.0
25,https://yandex.lv/maps/org/jinju_bubble_tea/232950636517/reviews,"–û—á–µ–Ω—å –≤–∫—É—Å–Ω—ã–µ –ø–∞—Ä–æ–≤—ã–µ –ø–∏—Ä–æ–∂–∫–∏)) –±—Ä–∞–ª–∞ —Å –≥–æ–≤—è–¥–∏–Ω–æ–π –∏ —Å—ã—Ä–æ–∫ ü§§ –ö–æ—Ñ–µ —Ç–æ–∂–µ –≤–∫—É—Å–Ω—ã–π! –í–∏–∑—É–∞–ª—å–Ω–æ –Ω–µ–ø—Ä–∏–º–µ—Ç–Ω–æ–µ –º–µ—Å—Ç–æ, –∏–Ω—Ç–µ—Ä—å–µ—Ä –≤–Ω—É—Ç—Ä–∏ –ø—Ä–æ—Å—Ç–æ–≤–∞—Ç, –Ω–æ –æ–±—Å–ª—É–∂–∏–≤–∞–Ω–∏–µ –±—ã—Å—Ç—Ä–æ–µ, —Å–æ—Ç—Ä—É–¥–Ω–∏–∫–∏ –ø—Ä–∏–≤–µ—Ç–ª–∏–≤—ã–µ. –í—Å—ë –ø–æ–Ω—Ä–∞–≤–∏–ª–æ—Å—å",5.0
26,https://yandex.lv/maps/org/jinju_bubble_tea/232950636517/reviews,"–û—á–µ–Ω—å –ø—Ä–∏—è—Ç–Ω–æ–µ –º–µ—Å—Ç–æ: 5/5
–î–æ–ª–≥–æ –∏–∑–±–µ–≥–∞–ª–∞ Jinju –∏–∑-–∑–∞ –Ω–∏–∑–∫–æ–≥–æ —Ä–µ–π—Ç–∏–Ω–≥–∞ –∏ –æ—á–µ–Ω—å –∑—Ä—è!
–ó–¥–µ—Å—å —è –ø–æ–ø—Ä–æ–±–æ–≤–∞–ª–∞ —Å–∞–º—É—é –º—è–≥–∫—É—é –∏ –ø—Ä–∏—è—Ç–Ω—É—é —Ç–∞–ø–∏–æ–∫—É ‚Äî —ç—Ç–æ –ø—Ä—è–º–æ —É—Å–ª–∞–¥–∞! –°–∞–º–∏ –Ω–∞–ø–∏—Ç–∫–∏ —Å–±–∞–ª–∞–Ω—Å–∏—Ä–æ–≤–∞–Ω–Ω—ã–µ –∏ –æ—á–µ–Ω—å –≤–∫—É—Å–Ω—ã–µ!
–ù–µ–º–∞–ª–æ–≤–∞–∂–Ω–æ –∏ —Ç–æ, —á—Ç–æ –≤ —ç—Ç–æ–º –∫–∞—Ñ–µ –º–æ–∂–Ω–æ —Å–ø–æ–∫–æ–π–Ω–æ –ø–æ—Å–∏–¥–µ—Ç—å –∏ –æ—Ç–¥–æ—Ö–Ω—É—Ç—å (–±–æ–ª—å—à–∏–Ω—Å—Ç–≤–æ –±–∞–±–±–ª—Ç–∏—à–Ω—ã—Ö –æ—á–µ–Ω—å —Ç–µ—Å–Ω—ã–µ).
–í –æ–±—â–µ–º, –≤–ø–µ—á–∞—Ç–ª–µ–Ω–∏–µ —Ö–æ—Ä–æ—à–µ–µ)",5.0
27,https://yandex.lv/maps/org/jinju_bubble_tea/232950636517/reviews,–ö—Ä–∞—Å–∏–≤—ã–π –∏–Ω—Ç–µ—Ä—å–µ—Ä. –£—é—Ç–Ω—ã–π –≤–∏–¥ –≤–æ –¥–≤–æ—Ä —Å —Ç–µ—Ä—Ä–∞—Å—ã. –ö—Ä–∞—Å–∏–≤—ã–µ –∏ —É—é—Ç–Ω—ã–µ –æ—Ñ–∏—Ü–∏–∞–Ω—Ç—ã. –•–æ—Ä–æ—à–µ–µ –≤–ø–µ—á–∞—Ç–ª–µ–Ω–∏–µ!,5.0
28,https://yandex.lv/maps/org/jinju_bubble_tea/232950636517/reviews,"–ë—Ä–∞–ª–∞ –Ω–µ —Ä–∞–∑ —Ç–∞–º –∫–æ—Ñ–µ, —Å—Ç–∞–ª–∏ —è–≤–Ω–æ –æ–±–º–∞–Ω—ã–≤–∞—Ç—å. –í–º–µ—Å—Ç–æ 300–º–ª –Ω–∞–ª–∏–≤–∞—é—Ç 150. –ö–æ–≥–¥–∞ –ø–æ–≤—Ç–æ—Ä–Ω–æ –ø—Ä–∏—à–ª–∞ –∏ –ø–æ–ø—Ä–æ—Å–∏–ª–∞ 300, —Å–∏—Ç—É–∞—Ü–∏—è –ø–æ–≤—Ç–æ—Ä–∏–ª–∞—Å—å. –Ø —Å–∫–∞–∑–∞–ª–∞ –æ–± —ç—Ç–æ–º –ø–µ—Ä—Å–æ–Ω–∞–ª—É, –º–µ–Ω—è –≤–Ω–∞–≥–ª—É—é –ø—ã—Ç–∞–ª–∏—Å—å –ø–µ—Ä–µ—É–±–µ–¥–∏—Ç—å —á—Ç–æ —Ç–∞–º –≤—Å–µ —Å–æ–æ—Ç–≤–µ—Ç—Å—Ç–≤—É–µ—Ç –∏ –¥–æ–ª–∏–≤–∞—Ç—å –º–Ω–µ –Ω–∏–∫—Ç–æ –Ω–µ —Å–æ–±–∏—Ä–∞–ª—Å—è.",1.0
29,https://yandex.lv/maps/org/jinju_bubble_tea/232950636517/reviews,"–ë—ã–ª–∏ –≤ —ç—Ç–æ–º –∫–∞—Ñ–µ, –∑–∞–∫–∞–∑—ã–≤–∞–ª–∏ –¥–≤–∞ —á–∞—è. –°–Ω–∞—á–∞–ª–∞ –ø–µ—Ä—Å–æ–Ω–∞–ª –º–∏–Ω—É—Ç 5 –Ω–µ –º–æ–≥ –æ–ø—Ä–µ–¥–µ–ª–∏—Ç—å—Å—è –∏ —Å–∫–∞–∑–∞—Ç—å, —á—Ç–æ –µ—Å—Ç—å –≤ –º–µ–Ω—é, –∞ —á–µ–≥–æ –Ω–µ—Ç. –ò–∑ –∑–∞ —ç—Ç–æ–≥–æ –∑–∞–∫–∞–∑ –ø–µ—Ä–µ–±–∏–≤–∞–ª–∏ –Ω–µ—Å–∫–æ–ª—å–∫–æ —Ä–∞–∑. –ü–æ—Å–ª–µ –≤—ã—è—Å–Ω–∏–ª–æ—Å—å, —á—Ç–æ 70% –ø—Ä–µ–¥—Å—Ç–∞–≤–ª–µ–Ω–Ω–æ–≥–æ –∏–∑ –º–µ–Ω—é –≤–æ–æ–±—â–µ —Å–µ–π—á–∞—Å –æ—Ç—Å—É—Ç—Å—Ç–≤—É–µ—Ç. –ü–æ—Å–ª–µ –∑–∞–∫–∞–∑–∞ —Å–∫–∞–∑–∞–ª–∏ –∂–¥–∞—Ç—å 5-10 –º–∏–Ω—É—Ç. –ú—ã –ø—Ä–æ–∂–¥–∞–ª–∏ 15-20 –º–∏–Ω—É—Ç, –ø–æ—Å–ª–µ —á–µ–≥–æ –Ω–∞–º –≤—ã–¥–∞–ª–∏ —Ç–æ–ª—å–∫–æ –æ–¥–∏–Ω —á–∞–π (–≤—ã–¥–∞–ª–∏ —Å–æ –ª—å–¥–æ–º, –º—ã –ø—Ä–æ—Å–∏–ª–∏ –±–µ–∑ –ª—å–¥–∞). –í—Ç–æ—Ä–æ–π —á–∞–π –ø–æ—Å–ª–µ –¥–ª–∏—Ç–µ–ª—å–Ω–æ–≥–æ –æ–∂–∏–¥–∞–Ω–∏—è –º—ã –Ω–µ –ø–æ–ª—É—á–∏–ª–∏, —Ç–∞–∫ –∫–∞–∫ –ø–æ—á–µ–º—É —Ç–æ —Ç–æ–ª—å–∫–æ —Å–µ–π—á–∞—Å –Ω–∞–º —Å–∫–∞–∑–∞–ª–∏, —á—Ç–æ –∏ —ç—Ç–æ–≥–æ —á–∞—è –≤ –Ω–∞–ª–∏—á–∏–∏ –Ω–µ—Ç (–∑–∞–∫–∞–∑ —É–∂–µ –±—ã–ª –æ–ø–ª–∞—á–µ–Ω). –ü—Ä–∏—à–ª–æ—Å—å –æ–ø—è—Ç—å –≤—Å—ë –ø–µ—Ä–µ–≤—ã–±–∏—Ä–∞—Ç—å –∏ –∑–∞–Ω–æ–≤–æ –∂–¥–∞—Ç—å –≤—Ç–æ—Ä–æ–π —á–∞–π. –ö —Å–ª–æ–≤—É, –ø–æ—Å–∏—Ç–∏—Ç–µ–ª–µ–π –≤ –∫–∞—Ñ–µ –Ω–µ –±—ã–ª–æ –≤–æ–æ–±—â–µ. –ß–∞–π –ø–æ –≤–∫—É—Å—É –æ–∫–∞–∑–∞–ª—Å—è –Ω–æ—Ä–º–∞–ª—å–Ω—ã–º, –Ω–æ –±–æ–ª—å—à–µ —Ç–∞–º –±—ã–ª –≤–∫—É—Å —Ö–∏–º–∏–∏, —á–µ–º —á–µ–≥–æ —Ç–æ –Ω–∞—Ç—É—Ä–∞–ª—å–Ω–æ–≥–æ. –ù–æ —Ç–∞–∫–æ–π —Å–µ—Ä–≤–∏—Å, –µ—Å–ª–∏ –≤–æ–æ–±—â–µ —Ç–∞–∫–æ–µ –æ—Ç–≤—Ä–∞—Ç–∏—Ç–µ–ª—å–Ω–æ–µ –æ—Ç–Ω–æ—à–µ–Ω–∏–µ –º–æ–∂–Ω–æ –Ω–∞–∑–≤–∞—Ç—å —Å–µ—Ä–≤–∏—Å–æ–º, –ø–æ–¥–ø–æ—Ä—Ç–∏–ª –Ω–∞—Å—Ç—Ä–æ–µ–Ω–∏–µ.",1.0
30,https://yandex.lv/maps/org/jinju_bubble_tea/232950636517/reviews,"–£–∂–∞—Å–Ω–æ–µ –º–µ—Å—Ç–æ! (–†–∞–Ω—å—à–µ –Ω–æ—Ä–º –±—ã–ª–æ) –û–ø–ª–∞—Ç–∞ –ø–µ—Ä–µ–≤–æ–¥–æ–º, —Ä–µ–±—è—Ç–∞ —Å–ø–æ—Ä—è—Ç –∫—Ç–æ –ø–æ–π–¥–µ—Ç –ø—Ä–∏–Ω–∏–º–∞—Ç—å –∑–∞–∫–∞–∑, —á–∞–π —Å —Ç–∞–ø–∏–æ–∫–æ–π –¥–µ–ª–∞—é—Ç –Ω–∞ –¥–µ—à–µ–≤–æ–º roal (—Å–º–µ—à–Ω–æ) –æ–±—ã—á–Ω–æ –∫—Ä–∞—Å–Ω—ã–π —Ç–∞–π—Å–∫–∏–π, –ø—Ä–∏ –≤–æ–ø—Ä–æ—Å–µ –∫–∞–∫–æ–π –µ—Å—Ç—å –Ω–µ —Å—É–ø–µ—Ä —Å–ª–∞–¥–∫–∏–π —á–∞–π( —è –∑–Ω–∞—é —á—Ç–æ –æ–Ω–∏ —Å–ª–∞–¥–∫–∏–µ) –º–µ–Ω–µ–µ —Å–ª–∞–¥–∫–∏–π —á–∞–π –∏–∑ –≤—Å–µ—Ö –ø–æ–ø—Ä–æ—Å–∏–ª, —á—É–≤–∞–∫ —Å –∫–∏—Å–ª–æ–π –º–∏–Ω–æ–π –∫–æ—Ç–æ—Ä—ã–π ¬´–ø—Ä–æ—Å–ø–æ—Ä–∏–ª¬ª –∏ –µ–º—É –ø—Ä–∏—à–ª–æ—Å—å –∏–¥—Ç–∏ –ø—Ä–∏–Ω–∏–º–∞—Ç—å –∑–∞–∫–∞–∑ –æ—Ç–≤–µ—á–∞–µ—Ç –í–°–ï –°–ª–∞–¥–∫–∏–µ))) –¢–æ–ø –æ–±—Å–ª—É–∂–∏–≤–∞–Ω–∏–µ, –æ–±—ã—á–Ω–æ —Ç–µ–±–µ –æ–±—ä—è—Å–Ω—è—é—Ç –≥–æ–≤–æ—Ä—è—Ç –Ω—É —Ç–∞–∫–æ–π –≤–æ—Ç –Ω–µ —Ç–∞–∫–æ–π —Å–ª–∞–¥–∫–∏–π –∫–∞–∫ —Ç–æ—Ç –∏—Ç–¥. –ó–∞–∫—Ä–æ–π—Ç–µ—Å—å –∏ –Ω–µ —Ä–∞–±–æ—Ç–∞–π—Ç–µ) –õ–∏–±–æ —É–≤–æ–ª—å—Ç–µ –≤–µ—Å—å –ø–µ—Ä—Å–æ–Ω–∞–ª –∏ –Ω–∞–π–º–∏—Ç–µ –Ω–æ–≤—ã–π",1.0
31,https://yandex.lv/maps/org/jinju_bubble_tea/232950636517/reviews,"–∫—Ä—É—Ç–æ–µ –º–µ—Å—Ç–æ!!! –≤—Å–µ–º —Å–æ–≤–µ—Ç—É—é
—Ö–æ—Ä–æ—à–∏–µ —Ä–µ–±—è—Ç–∞ —Ç—É—Ç —Ä–∞–±–æ—Ç–∞—é—Ç, –¥–µ–ª–∞—é—Ç –≤–∫—É—Å–Ω—ã–µ –Ω–∞–ø–∏—Ç–∫–∏
11/10",5.0
32,https://yandex.lv/maps/org/jinju_bubble_tea/232950636517/reviews,"–ë–æ–ª—å—à–æ–π –≤—ã–±–æ—Ä –±–∞–±–ª—Ç–∏ –∏ –Ω–∞–ø–æ–ª–Ω–∏—Ç–µ–ª–µ–º, –ø—Ä–∏–≤–µ—Ç–ª–∏–≤—ã–π –ø–µ—Ä—Å–æ–Ω–∞–ª, —É—é—Ç–Ω–æ–µ –Ω–µ–±–æ–ª—å—à–æ–µ –ø–æ–º–µ—â–µ–Ω–∏–µ",5.0
33,https://yandex.lv/maps/org/jinju_bubble_tea/232950636517/reviews,–ü—Ä–∏–∫–æ–ª—å–Ω–æ–µ –º–µ—Å—Ç–æ. –ï—Å—Ç—å –ø–æ–Ω—è—Ç–Ω—ã–µ —Å–ª–∞–¥–∫–∏–µ –±—É–ª–æ—á–∫–∏. –ù–æ –Ω–∞ –ü—Ä–æ—Å–ø–µ–∫—Ç–µ –ú–∏—Ä–∞ –±–æ–ª—å—à–µ –Ω—Ä–∞–≤–∏—Ç—Å—è –∏–∑-–∑–∞ —Ä–∞–±–æ—Ç–∞—é—â–∏—Ö –∫–æ—Ä–µ–π—Ü–µ–≤ .,5.0
34,https://yandex.lv/maps/org/jinju_bubble_tea/232950636517/reviews,"–û–¥–Ω–∞ –∏–∑ –º–æ–∏—Ö —Å–∞–º—ã—Ö –ª—é–±–∏–º—ã—Ö –∫–æ—Ñ–µ–µ–Ω –±–∞–±–ª-—Ç–∏, –≥–æ—Ç–æ–≤—è—Ç –≤–∫—É—Å–Ω–æ –∏ —Ç–∞–ø–∏–æ–∫—É, –∏ –Ω–∞–ø–∏—Ç–∫–∏, –µ—Å—Ç—å –±–æ–ª—å—à–æ–π –≤—ã–±–æ—Ä –∫–æ—Ñ–µ–π–Ω—ã—Ö. –¶–µ–Ω—ã –Ω–µ –Ω–∏–∑–∫–∏–µ, –Ω–æ —Å—Ä–µ–¥–Ω–∏–µ –ø–æ –ú–æ—Å–∫–≤–µ –∑–∞ –ø–æ–¥–æ–±–Ω—ã–µ –Ω–∞–ø–∏—Ç–∫–∏",5.0
35,https://yandex.lv/maps/org/jinju_bubble_tea/232950636517/reviews,"–û—á–µ–Ω—å –≤–∫—É—Å–Ω–æ! –ú–∞—Ç—á–∞ —Å—É–ø–µ—Ä, –∫—Ä–µ–º —Å—É–ø–µ—Ä, —Ç–∞–ø–∏–æ–∫–∞ –º—è–≥–∫–∞—è –∏ –≤ –º–µ—Ä—É —Å–ª–∞–¥–∫–∞—è, –≤—Å–µ –æ–≥–æ–Ω—å, –≤–∫—É—Å–Ω–µ–µ –ø–∏–º—Å)",5.0
36,https://yandex.lv/maps/org/jinju_bubble_tea/232950636517/reviews,"–í–∫—É—Å–Ω–æ–µ –±–∞–±–ª—Ç–∏, –∏–Ω—Ç–µ—Ä–µ—Å–Ω—ã–µ –ø–æ–∑–∏—Ü–∏–∏ –≤ –º–µ–Ω—é. –ï—Å—Ç—å –≤—ã–±–æ—Ä –Ω–∞–ø–∏—Ç–∫–æ–≤ –¥–ª—è –ª—é–±–∏—Ç–µ–ª–µ–π —Å–∏–ª—å–Ω–æ —Å–ª–∞–¥–∫–∏—Ö –Ω–∞–ø–∏—Ç–∫–æ–≤ –∏ –Ω–µ –æ—á–µ–Ω—å. –¢–∞–∫–∂–µ –º–æ–∂–Ω–æ –∫—É–ø–∏—Ç—å –º–æ—Ç–∏ —Å —Ç—Ä–∞–¥–∏—Ü–∏–æ–Ω–Ω—ã–º–∏ –Ω–∞—á–∏–Ω–∫–∞–º–∏ (–±–æ–±–æ–≤–∞—è –ø–∞—Å—Ç–∞) –∏ —Ä–∞–º–µ–Ω.",5.0
37,https://yandex.lv/maps/org/jinju_bubble_tea/232950636517/reviews,"–Ø —Ç–æ—Ç –ø–∞—Ä–µ–Ω—å –≤ —á–µ—Ä–Ω–æ-–±–µ–ª–æ–π —Ä—É–±–∞—à–∫–µ –ø—Ä–∏—Ö–æ–¥–∏–ª –∑–∞ –±–∞–±–ª—Ç–∏ –¥–ª—è –∂–µ–Ω—ã, –≤—Å–µ –æ—á–µ–Ω—å –ø–æ–Ω—Ä–∞–≤–∏–ª–æ—Å—å, –∫—Ä—É—Ç–æ–π –≤–∫—É—Å, –≤—ã–ø–æ–ª–Ω–∏–ª–∏ –º–æ—é –∑–∞–¥–∞—á—É –Ω–∞ 10/10.
–°–ø–∞—Å–∏–±–æ –∫–æ–º–∞–Ω–¥–µ –∑–∞ –ø—Ä–æ—Ñ–µ—Å—Å–∏–æ–Ω–∞–ª–∏–∑–º",5.0
38,https://yandex.lv/maps/org/jinju_bubble_tea/232950636517/reviews,"–ü–µ—Ä—Å–æ–Ω–∞–ª –æ—Ç–≤—Ä–∞—Ç–∏—Ç–µ–ª—å–Ω—ã–π. –û–ø–ª–∞—Ç–∏–ª–∞ –∑–∞–∫–∞–∑ –Ω–∞ 760—Ä, –Ω–æ –¥–µ–≤—É—à–∫–∞, —Å –Ω–∞–≥–ª—ã–º –≤—ã—Ä–∞–∂–µ–Ω–∏–µ–º –ª–∏—Ü–∞, –∫–∞–∫-–±—É–¥—Ç–æ —è –µ–π –¥–æ–ª–∂–Ω–∞, –∞ –Ω–µ –Ω–∞–æ–±–æ—Ä–æ—Ç, –ø—Ä–æ–¥–æ–ª–∂–∞–ª–∞ —Ç–æ—Ä—á–∞—Ç—å –≤ —Ç–µ–ª–µ—Ñ–æ–Ω–µ. –ù–∞ –º–æ–π –≤–æ–ø—Ä–æ—Å - –∫–æ–≥–¥–∞ –º–æ–π –∫–∞–ø—É—á–∏–Ω–æ –Ω–∞—á–Ω—É—Ç –≥–æ—Ç–æ–≤–∏—Ç—å - –ª–µ–Ω–∏–≤–æ –æ—Ç–æ—Ä–≤–∞–ª–∞—Å—å –æ—Ç —Ç–µ–ª–µ—Ñ–æ–Ω–∞ –∏ –º–µ–¥–ª–µ–Ω–Ω–æ –Ω–∞—á–∞–ª–∞, —Å —É–∂–∏–º–∫–∞–º–∏, –∏ –ø—Ä–æ–∑—Ä–∞—á–Ω–æ –¥–µ–º–æ–Ω—Å—Ç—Ä–∏—Ä—É—è —Å–≤–æ–µ –æ—Ç–Ω–æ—à–µ–Ω–∏–µ –∫–æ –º–Ω–µ. 
–î–∞–≤–Ω–æ —Ç–∞–∫–æ–≥–æ –Ω–µ –≤–∏–¥–µ–ª–∞. –î–∏—á—å –≤–æ –≤—Ä–µ–º–µ–Ω–∞, –∫–æ–≥–¥–∞ —Ç–∞–∫–∞—è –≤—ã—Å–æ–∫–∞—è –∫–æ–Ω–∫—É—Ä–µ–Ω—Ü–∏—è. –í–ª–∞–¥–µ–ª—å—Ü–∞–º –±—ã –ø—Ä–æ–º–æ–Ω–∏—Ç–æ—Ä–∏—Ç—å –∫–∞–∫ —Ä–∞–±–æ—Ç–∞–µ—Ç –ø–µ—Ä—Å–æ–Ω–∞–ª. –ë–æ–ª—å—à–µ —Å—é–¥–∞ –Ω–∏ –Ω–æ–≥–æ–π",1.0
39,https://yandex.lv/maps/org/jinju_bubble_tea/232950636517/reviews,"–í—á–µ—Ä–∞ –≤–µ—á–µ—Ä–æ–º –æ–ø–ª–∞—Ç–∏–ª–∞ –Ω–∞–ø–∏—Ç–æ–∫ 3 —Ä–∞–∑–∞. –ü–µ—Ä–≤—ã–µ 2 —Ä–∞–∑–∞ —É –Ω–∏—Ö –Ω–µ –≤—ã–ª–µ–∑–∞–ª–∏ —á–µ–∫–∏ –∏ –º–Ω–µ –≥–æ–≤–æ—Ä–∏–ª–∏ —á—Ç–æ –æ–ø–ª–∞—Ç–∞ –Ω–µ –ø—Ä–æ—à–ª–∞ –∏ –ø—Ä–æ—Å–∏–ª–∏ –æ–ø–ª–∞—Ç–∏—Ç—å —Å–Ω–æ–≤–∞, —Ö–æ—Ç—è —è –ø–æ–∫–∞–∑—ã–≤–∞–ª–∞ —á—Ç–æ —É –º–µ–Ω—è –æ–ø–ª–∞—Ç–∞ –ø—Ä–æ—à–ª–∞ –∏ –ø—Ä–µ–¥—ä—è–≤–ª—è–ª–∞ –∏–º –∫–≤–∏—Ç–∞–Ω—Ü–∏–∏. –û–ø–ª–∞—Ç–∞ –±—ã–ª–∞ –ø–æ QR –∫–æ–¥—É. –í –∏—Ç–æ–≥–µ 3–π —Ä–∞–∑ —è —É–∂–µ –æ–ø–ª–∞—Ç–∏–ª–∞ –¥—Ä—É–≥–æ–π –∫–∞—Ä—Ç–æ–π –∏ –≤—Å–µ –ø—Ä–æ—à–ª–æ. –ù–∞–ø–∏—Ç–æ–∫ –º–Ω–µ –æ—Ç–¥–∞–ª–∏ –∏ —Å–∫–∞–∑–∞–ª–∏ —á—Ç–æ –ø–æ –ø–µ—Ä–≤—ã–º –¥–≤—É–º –ø–ª–∞—Ç–µ–∂–∞–º –º–Ω–µ –ø—Ä–∏–¥–µ—Ç –æ—Ç–º–µ–Ω–∞ –≤ —Ç–µ—á–µ–Ω–∏–∏ 30 –º–∏–Ω—É—Ç, –Ω–∏–∫–∞–∫–æ–π –æ—Ç–º–µ–Ω—ã –Ω–µ –±—ã–ª–æ, –¥–µ–Ω—å–≥–∏ –ø–æ–ª–Ω–æ—Å—Ç—å—é —Å–ø–∏—Å–∞–Ω—ã. –í –∏—Ç–æ–≥–µ —è –∫—É–ø–∏–ª–∞ –Ω–∞–ø–∏—Ç–æ–∫ –∑–∞ 1950 —Ä—É–±. –ö–∞–∫ –≤–∞–º —Ç–∞–∫–∞—è —Ü–µ–Ω–∞ –∑–∞ —Å—Ç–∞–∫–∞–Ω –∫–æ—Ñ–µ —Å —Ä–∏—Å–æ–≤—ã–º–∏ —à–∞—Ä–∏–∫–∞–º–∏? –Ø –≤–æ–∑–º—É—â–µ–Ω–∞! 
–ù–∏–∫—Ç–æ –¥–∞–∂–µ –Ω–µ –ø—Ä–µ–¥–ª–æ–∂–∏–ª –∫–∞–∫ —Ç–æ –∑–∞—Ñ–∏–∫—Å–∏—Ä–æ–≤–∞—Ç—å —ç—Ç–æ, —á—Ç–æ–±—ã –≤ —Å–ª—É—á–∞–µ —á–µ–≥–æ —è –º–æ–≥–ª–∞ –æ–±—Ä–∞—Ç–∏—Ç—å—Å—è –∫ –Ω–∏–º. –í–æ—Ç 3 –æ–ø–ª–∞—Ç—ã –ø—Ä–∏–º–µ—Ä–Ω–æ —Å —Ä–∞–∑–Ω–∏—Ü–µ–π –≤ –º–∏–Ω—É—Ç–∞—Ö –º–µ–∂–¥—É –Ω–∏–º–∏.",1.0
40,https://yandex.lv/maps/org/jinju_bubble_tea/232950636517/reviews,"–ù–∞–º–Ω–æ–≥–æ –±–ª–∏–∂–µ –∫ —Ç–µ–º –∑–∞–≤–µ–¥–µ–Ω–∏—è–º, –æ –∫–æ—Ç–æ—Ä—ã—Ö –≤–æ—Å—Ö–∏—â–µ–Ω–Ω–æ —Ä–∞—Å—Å–∫–∞–∑—ã–≤–∞–µ—Ç —Å–≤–æ–∏–º —Ä–æ–¥–∏—Ç–µ–ª—è–º –ø–æ–±—ã–≤–∞–≤—à–∞—è –≤ –∞–∑–∏–∏ –º–æ–ª–æ–¥—ë–∂—å, —á–µ–º —Ç–µ –Ω–∞–ø–æ–º–∞–∂–µ–Ω–Ω—ã–µ, –ø–µ—Ä–µ–Ω–∞—à–ø–∏–≥–æ–≤–∞–Ω–Ω—ã–µ –º–∏–Ω–∏–º–∞–ª–∏—Å—Ç–∏—á–Ω–æ–π —Å—Ç–∏–ª–∏—Å—Ç–∏–∫–æ–π (–±–ª–∞–≥–æ–¥–∞—Ä—è –º–æ—Å–∫–æ–≤—Å–∫–æ–º—É –ø–µ—Ä–µ–ø—Ä–æ–∏–∑–≤–æ–¥—Å—Ç–≤—É –¥–∏–∑–∞–π–Ω–µ—Ä–æ–≤), –ø—Ä–æ—Å—Ç—Ä–∞–Ω—Å—Ç–≤–∞, –∫–æ—Ç–æ—Ä—ã–µ –ø—Ä–∏–Ω–∏–º–∞—é—Ç –∑–∞ –∏–¥–µ–∞–ª –º–æ—Å–∫–≤–∏—á–∏. –ü—Ä–æ—Ü–≤–µ—Ç–∞–Ω–∏—è —Ä–µ–±—è—Ç–∞–º. *–Ω–∏ –≤ –∫–æ–µ–º —Å–ª—É—á–∞–µ –Ω–µ –º–µ–Ω—è–π—Ç–µ –æ—á–∞—Ä–æ–≤–∞—Ç–µ–ª—å–Ω—É—é –æ—à–∏–±–∫—É –≤ –Ω–µ–æ–Ω–æ–≤–æ–º –∞–Ω–≥–ª–∏–π—Å–∫–æ–º –ø—Ä–∏–∑—ã–≤–µ –≤—ã–ø–∏—Ç—å –±–æ–±—ã, —á—Ç–æ –±—ã –Ω–µ –≥–æ–≤–æ—Ä–∏–ª–∏ —É–º–Ω–∏–∫–∏, - —ç—Ç–æ –ø—Ä–∏–∑–Ω–∞–∫ –∞—É—Ç–µ–Ω—Ç–∏—á–Ω–æ—Å—Ç–∏.",5.0
41,https://yandex.lv/maps/org/jinju_bubble_tea/232950636517/reviews,"–ó–∞–µ–∑–∂–∞–ª–∞ –ø–æ—á—Ç–∏ –∫–∞–∂–¥—É—é –Ω–µ–¥–µ–ª—é –∑–∞ –ª–∞—Ç—Ç–µ —Å —Ç–∞–ø–∏–æ–∫–æ–π. –°–æ —Å–º–µ–Ω–æ–π –ø–µ—Ä—Å–æ–Ω–∞–ª–∞ –∑–∞–≤–µ–¥–µ–Ω–∏–µ —è–≤–Ω–æ –∏—Å–ø–æ—Ä—Ç–∏–ª–æ—Å—å, –æ–±—Å–ª—É–∂–∏–≤–∞–Ω–∏–µ –æ—Ç–≤—Ä–∞—Ç–∏—Ç–µ–ª—å–Ω–æ–µ, –∫–∞—á–µ—Å—Ç–≤–æ –Ω–∞–ø–∏—Ç–∫–æ–≤ –æ—Å—Ç–∞–≤–ª—è–µ—Ç –∂–µ–ª–∞—Ç—å –ª—É—á—à–µ–≥–æ. –°–µ–≥–æ–¥–Ω—è—à–Ω–∏–π –Ω–∞–ø–∏—Ç–æ–∫ –ø—Ä–∏—à–ª–æ—Å—å –≤—ã–±—Ä–æ—Å–∏—Ç—å: —Ç–∞–ø–∏–æ–∫–∞ –≤–æ–æ–±—â–µ –Ω–µ –∏–º–µ–ª–∞ —Ç–µ–∫—Å—Ç—É—Ä—É –∂–µ–ª–µ –∏ —Ä–∞–∑–≤–∞–ª–∏–≤–∞–ª–∞—Å—å –≤–æ —Ä—Ç—É, –≤–∫—É—Å —Ç–æ–∂–µ –±—ã–ª —Ö—É–∂–µ, —á–µ–º –æ–±—ã—á–Ω–æ. 
–ù–∞–¥–µ—é—Å—å, —Ö–æ—Ç—å –Ω–∞ –ø—Ä–æ—Å–ø–µ–∫—Ç–µ –ú–∏—Ä–∞ –æ—Å—Ç–∞–ª—Å—è —Å—Ç–∞—Ä—ã–π –ø–µ—Ä—Å–æ–Ω–∞–ª, –∏–Ω–∞—á–µ –ø—Ä–∏–¥–µ—Ç—Å—è –ø–æ–ø—Ä–æ—â–∞—Ç—å—Å—è —Å Jinju",1.0
42,https://yandex.lv/maps/org/jinju_bubble_tea/232950636517/reviews,"–Ø –æ—á–µ–Ω—å –Ω–µ–¥–æ–≤–æ–ª—å–Ω–∞. –ó–∞–±–µ–∂–∞–ª–∞ –≤–∑—è—Ç—å –∫–æ—Ñ–µ —Å —Å–æ–±–æ–π. –ó–∞–∫–∞–∑–∞–ª–∞ –∞–π—Å –ª–∞—Ç—Ç–µ.
–ß–µ—Ç–≤–µ—Ä–æ —Å–æ—Ç—Ä—É–¥–Ω–∏–∫–æ–≤ —Å–æ–≤–µ—Ä—à–µ–Ω–Ω–æ –Ω–µ–ø—Ä–∏–≤–µ—Ç–ª–∏–≤—ã–µ, —Å–∏–¥–µ–ª–∏ —Å–æ —Å–∫—É—á–∞—é—â–∏–º –≤–∏–¥–æ–º –∏ —Å–æ–≤—Å–µ–º –Ω–µ —Å—Ä–∞–∑—É –Ω–∞—á–∞–ª–∏ –≤—ã–ø–æ–ª–Ω—è—Ç—å –∑–∞–∫–∞–∑. 
–í –∏—Ç–æ–≥–µ –Ω–∞—á–∞–ª–∏ –≥–æ—Ç–æ–≤–∏—Ç—å. –ü—Ä–∏—á–µ–º –æ—á–µ–Ω—å –º–µ–¥–ª–µ–Ω–Ω–æ, —Ö–∏—Ö–∏–∫–∞–ª–∏ –∏ –±–æ–ª—Ç–∞–ª–∏ –¥—Ä—É–≥ —Å –¥—Ä—É–≥–æ–º. –Ø –∂–¥–∞–ª–∞ –∫–æ—Ñ–µ 8 –º–∏–Ω—É—Ç, –±—É–¥—É—á–∏ –µ–¥–∏–Ω—Å—Ç–≤–µ–Ω–Ω—ã–º –ø–æ—Å–µ—Ç–∏—Ç–µ–ª–µ–º. 
–ò —Å–∞–º–æ–µ –æ–±–∏–¥–Ω–æ–µ, —á—Ç–æ –ê–π—Å –ª–∞—Ç—Ç–µ –±—ã–ª –¢–ï–ü–õ–´–ú!
–î–µ–Ω—å–≥–∏ –∏ –≤—Ä–µ–º—è –Ω–∞ –≤–µ—Ç–µ—Ä",1.0
43,https://yandex.lv/maps/org/jinju_bubble_tea/232950636517/reviews,"–°–ª—É—á–∞–π–Ω–æ –∑–∞—à–ª–∞ –≤ —ç—Ç–æ –º–µ—Å—Ç–æ –∏ –ø–æ–ø—Ä–æ–±–æ–≤–∞–ª–∞ —Å–∞–º—ã–π –≤–∫—É—Å–Ω—ã–π —á–∞–π –≤ –∂–∏–∑–Ω–∏: —Ö–æ–ª–æ–¥–Ω—ã—Ö –∂–∞—Å–º–∏–Ω–æ–≤—ã–π —Å –º–æ–ª–æ–∫–æ–º. 
–ú–∏–Ω—É—Å –æ–¥–∏–Ω - –Ω–µ —É–±—Ä–∞–Ω–Ω–∞—è –≤–µ—Ä–∞–Ω–¥–∞ –∏ –∑–∞–ª: —Ä–∞–∑–±—Ä–æ—Å–∞–Ω—ã —Å–º—è—Ç—ã–µ —Å–∞–ª—Ñ–µ—Ç–∫–∏ –∏ —Ä–∞–∑–≤–æ–¥—ã –Ω–∞ —Å—Ç–æ–ª–∞—Ö. –ù–∞–¥–µ—é—Å—å, –Ω–∞ –∫—É—Ö–Ω–µ –±–æ–ª—å—à–∏–π –ø–æ—Ä—è–¥–æ–∫.",4.0
44,https://yandex.lv/maps/org/jinju_bubble_tea/232950636517/reviews,"–æ—á–µ–Ω—å –≤–∫—É—Å–Ω—ã–π —á–∞–π, —Å–∞–º–∞—è –≤–∫—É—Å–Ω–∞—è —Ç–∞–ø–∏–æ–∫–∞!!!
–±–∞—Ä–∏—Å—Ç–∞ —Ä–∏–Ω–∞ —Å–∞–º–∞—è –∫–ª–∞—Å—Å–Ω–∞—è üòã",5.0
45,https://yandex.lv/maps/org/jinju_bubble_tea/232950636517/reviews,"–í–∫—É—Å–Ω–æ, –Ω–æ –Ω–µ —Å–∫–∞–∂—É, —á—Ç–æ –ø—Ä—è–º –Ω–µ–æ–±—ã—á–Ω–æ. –û—Ç –±–æ–ª—å—à–æ–≥–æ –≤—ã–±–æ—Ä–∞ —Ä–∞–∑–±–µ–≥–∞—é—Ç—Å—è –≥–ª–∞–∑–∞.",5.0
46,https://yandex.lv/maps/org/jinju_bubble_tea/232950636517/reviews,–ë–æ–ª—å—à–æ–π –≤—ã–±–æ—Ä –æ—á–µ–Ω—å –≤–∫—É—Å–Ω–æ–≥–æ –±–∞–±–ª —Ç–∏. –õ–µ—Ç–æ–º –Ω–∞ —É–ª–∏—Ü–µ —Å—Ç–æ—è—Ç —É—é—Ç–Ω—ã–µ —Å—Ç–æ–ª–∏–∫–∏.,5.0
47,https://yandex.lv/maps/org/jinju_bubble_tea/232950636517/reviews,"–≠—Ç–æ —Ö—É–¥—à–∏–π –±–∞–±–ª —Ç–∏, –∫–æ—Ç–æ—Ä—ã–π –º—ã –ø—Ä–æ–±–æ–≤–∞–ª–∏. –¢–∞–ø–∏–æ–∫–∞ —Ä–∞–∑–≤–∞—Ä–µ–Ω–∞ –¥–æ —Å–æ—Å—Ç–æ—è–Ω–∏—è –∂–µ–ª–µ, –≤ –º–æ–ª–æ–∫–µ —Å–≤–µ—Ä–Ω—É–≤—à–∏–µ—Å—è –∫–æ–º–∫–∏. 
–î–µ–≤—É—à–∫–∞ –∑–∞ –∫–∞—Å—Å–æ–π –∑–∞–±—ã–ª–∞ , —á—Ç–æ –º—ã –∑–∞–∫–∞–∑–∞–ª–∏ –Ω–µ—Å–∫–æ–ª—å–∫–æ –Ω–∞–ø–∏—Ç–∫–æ–≤. –ñ–¥–∞–ª–∏ –¥–æ–ª–≥–æ –∏ –ø–æ–ª—É—á–∏–ª–∏ –Ω–µ–≤–∫—É—Å–Ω—ã–π –Ω–∞–ø–∏—Ç–æ–∫ –∏ —É–∂–∞—Å–Ω—ã–π —Å–µ—Ä–≤–∏—Å. –í –∫–∞—Ñ–µ –≥—Ä—è–∑–Ω—ã–π –ø–æ–ª –∏ —Å–ª–æ–º–∞–Ω–Ω—ã–µ –∫—Ä–µ—Å–ª–∞. –ü—Ä–æ—Å—Ç–æ –∂–∞–ª—å –ø–æ—Ç—Ä–∞—á–µ–Ω–Ω—ã—Ö –¥–µ–Ω–µ–≥ –∏ –∏—Å–ø–æ—Ä—á–µ–Ω–Ω–æ–≥–æ –Ω–∞—Å—Ç—Ä–æ–µ–Ω–∏—è, –Ω–∞–ø–∏—Ç–∫–∏ –≤—ã–∫–∏–Ω—É–ª–∏ –ø–æ—á—Ç–∏ –ø–æ–ª–Ω—ã–º–∏.",1.0
48,https://yandex.lv/maps/org/jinju_bubble_tea/232950636517/reviews,"–í–∫—É—Å–Ω—ã–π –±–∞–±–ª-—Ç–∏ —Å –∫–∞—Ä–∞–º–µ–ª—å–Ω–æ–π —Ç–∞–ø–∏–æ–∫–æ–π! –¢–∞–∫–∂–µ –µ—Å—Ç—å –ø–æ–ø—É–ª—è—Ä–Ω–∞—è –ª–∞–ø—à–∞, –¥–µ—à–µ–≤–ª–µ, —á–µ–º –≤ –Ω–µ–∫–æ—Ç–æ—Ä—ã—Ö –º–µ—Å—Ç–∞—Ö. –û–±—Å–ª—É–∂–∏–≤–∞–Ω–∏–µ –¥–æ—Å—Ç–∞—Ç–æ—á–Ω–æ –±—ã—Å—Ç—Ä–æ–π, —Ç—Ä–∏ –Ω–∞–ø–∏—Ç–∫–∞ –∂–¥–∞–ª–∏ –º–∏–Ω—É—Ç 7-10.",5.0
49,https://yandex.lv/maps/org/jinju_bubble_tea/232950636517/reviews,"–ë–∞–±–ª —Ç–∏ —Å–≤–æ–∏—Ö –¥–µ–Ω–µ–≥ —Å—Ç–æ–∏—Ç. –ß–∞—è –Ω–µ —á—É–≤—Å—Ç–≤—É–µ—Ç—Å—è, –ø–µ—Ä–µ–±–∏–≤–∞–µ—Ç—Å—è —Ö–∏–º–æ–∑–Ω—ã–º —Å–∏—Ä–æ–ø–æ–º. –°–ø—Ä–æ—Å–∏–ª–∞, –≤ –∫–∞–∫–∏–µ —Ñ—Ä—É–∫—Ç–æ–≤—ã–µ —á–∞–∏ –∫–ª–∞–¥—ë—Ç—Å—è —Ñ—Ä—É–∫—Ç—ã, –ø–æ–ª—É—á–∏–ª–∞ –æ—Ç–≤–µ—Ç, —á—Ç–æ —Ç–æ–ª—å–∫–æ –≤ –∫–ª—É–±–Ω–∏—á–Ω–æ-–º–∞—Ä–∞–∫—É—é. –ò —Ç–æ! –ü–æ —Ñ–∞–∫—Ç—É –±—ã–ª–æ –¥–≤–∞ –º–∞–ª–µ–Ω—å–∫–∏—Ö –∫—É—Å–æ—á–∫–∞ –∫–ª—É–±–Ω–∏–∫–∏ –∏ –∫–æ—Å—Ç–∏ –º–∞—Ä–∞–∫—É–∏.....–¥–æ–±–∞–≤–æ–∫ –∫ —ç—Ç–æ–º—É —Ç–æ–ø–∏–∫—É/–∂–µ–ª–µ/–±–æ–≥—É –Ω–∞–¥–æ –¥–æ–±–∞–≤–ª—è—Ç—å –∑–∞ –¥–æ–ø —Ü–µ–Ω—É. –¢–æ –µ—Å—Ç—å 500 —Å —á–µ–º-—Ç–æ —Ä—É–±–ª–µ–π –æ—Ç–¥–∞—ë—à—å –ø—Ä–æ—Å—Ç–æ –∑–∞ —Å–∏—Ä–æ–ø–æ–º —Ö–∏–º–æ–∑–Ω—ã–π , –≤–æ–¥—É –∏ —á–∞–π.",1.0
